label,Filename
1,S35-VT-886.txt
1,S50-VT-106.txt
1,S50-VT-215.txt
1,S88-VT-271.txt
1,S24-VT-177.txt
0,S20-SR-77.txt
1,S65-VT-220.txt
0,S13-SR-11.txt
0,S30-SR-133.txt
0,S15-SR-539.txt
0,S26-SR-268.txt
1,S15-VT-401.txt
0,S34-SR-89.txt
1,S57-VT-168.txt
0,S30-SR-173.txt
0,S85-SR-37.txt
0,S17-SVT-116.txt
0,S45-VPD-67.txt
1,S94-VT-380.txt
0,S79-VPD-93.txt
1,S60-VT-379.txt
1,S86-VT-599.txt
1,S62-VT-481.txt
1,S50-VT-112.txt
0,S20-SR-28.txt
0,S24-SR-43.txt
0,S17-SVT-104.txt
0,S17-SR-22.txt
1,S46-VT-163.txt
1,S79-VT-436.txt
1,S72-VT-107.txt
1,S20-VT-261.txt
0,S56-SVT-91.txt
1,S86-VT-442.txt
0,S81-VPD-73.txt
0,S79-SR-589.txt
0,S17-SVT-235.txt
1,S88-VT-284.txt
1,S65-VT-121.txt
0,S35-SR-556.txt
1,S25-VT-531.txt
1,S86-VT-834.txt
1,S77-VT-250.txt
1,S60-VT-381.txt
0,S91-AFt-137.txt
1,S62-VT-358.txt
0,S06-AFt-118.txt
1,S93-VT-161.txt
1,S35-VT-349.txt
1,S04-VFt-105.txt
0,S81-SR-636.txt
0,S26-SR-134.txt
0,S80-SR-78.txt
0,S31-SR-61.txt
0,S94-SR-5.txt
0,S13-SR-8.txt
0,S93-SR-43.txt
1,S06-VT-128.txt
1,S62-VT-581.txt
1,S06-VT-319.txt
1,S93-VT-170.txt
0,S44-SR-469.txt
1,S62-VT-560.txt
0,S07-SR-279.txt
1,S81-VT-282.txt
0,S81-VPD-103.txt
0,S15-SR-780.txt
1,S25-VT-206.txt
1,S06-VT-206.txt
0,S36-SR-13.txt
1,S06-VT-658.txt
0,S44-SR-15.txt
0,S93-SR-98.txt
0,S69-SR-208.txt
1,S43-VT-171.txt
0,S35-SR-695.txt
1,S80-VFb-179.txt
0,S15-SR-495.txt
0,S77-SR-122.txt
1,S29-VT-407.txt
1,S60-VT-180.txt
1,S46-VT-273.txt
0,S20-SR-1013.txt
1,S32-VFb-164.txt
0,S60-SR-44.txt
0,S37-SR-53.txt
0,S69-SR-198.txt
1,S06-VT-135.txt
1,S79-VT-388.txt
1,S72-VT-349.txt
1,S44-VFb-428.txt
1,S81-VT-291.txt
0,S16-SR-7.txt
1,S86-VT-150.txt
0,S15-SR-125.txt
1,S71-VT-124.txt
0,S44-SR-184.txt
0,S46-SR-35.txt
1,S56-VT-592.txt
1,S62-VT-165.txt
1,S15-VT-254.txt
0,S35-SR-728.txt
1,S58-VT-175.txt
0,S66-SR-109.txt
0,S17-SVT-175.txt
1,S60-VT-246.txt
0,S26-SR-234.txt
1,S58-VT-191.txt
0,S44-SR-105.txt
1,S93-VT-227.txt
0,S60-SR-4.txt
0,S26-SR-54.txt
0,S56-SR-200.txt
1,S88-VT-199.txt
0,S37-SR-17.txt
1,S63-VT-163.txt
0,S94-SR-13.txt
0,S63-AFb-103.txt
0,S90-VPD-41.txt
0,S26-SR-541.txt
1,S80-VFb-158.txt
1,S79-VT-334.txt
0,S37-SR-29.txt
1,S72-VT-174.txt
0,S79-SR-638.txt
0,S46-SR-466.txt
1,S06-VT-536.txt
0,S93-SR-4.txt
1,S81-VT-529.txt
1,S15-VT-681.txt
1,S79-VT-432.txt
0,S17-SR-63.txt
1,S44-VFb-434.txt
1,S44-VFb-356.txt
1,S46-VT-206.txt
1,S71-VT-154.txt
1,S15-VT-735.txt
1,S62-VT-537.txt
0,S94-SR-450.txt
0,S34-SR-119.txt
0,S73-SR-93.txt
0,S30-SR-57.txt
1,S43-VT-124.txt
1,S94-VFb-512.txt
1,S23-VT-129.txt
0,S46-SR-336.txt
1,S04-VFt-131.txt
0,S28-SR-191.txt
1,S65-VT-150.txt
0,S17-SVT-182.txt
1,S81-VT-352.txt
1,S56-VT-566.txt
0,S15-SR-132.txt
1,S32-VFb-151.txt
1,S50-VT-138.txt
0,S81-VPD-42.txt
0,S69-SR-36.txt
1,S86-VT-1114.txt
0,S31-SR-58.txt
0,S26-SR-207.txt
0,S63-AFb-70.txt
0,S62-SR-109.txt
1,S73-VT-332.txt
1,S25-VT-446.txt
0,S34-SR-156.txt
0,S56-SVT-83.txt
1,S56-VT-521.txt
0,S10-SR-228.txt
1,S24-VT-173.txt
1,S56-VT-471.txt
1,S25-VT-253.txt
0,S20-SR-953.txt
1,S88-VT-187.txt
1,S29-VT-421.txt
0,S26-SR-607.txt
0,S15-SR-163.txt
0,S69-SR-133.txt
1,S20-VT-277.txt
0,S05-SR-115.txt
0,S43-SR-114.txt
1,S45-VFb-241.txt
0,S71-SR-5.txt
1,S79-VT-315.txt
0,S26-SR-443.txt
0,S26-SR-122.txt
1,S40-VT-103.txt
1,S63-VT-151.txt
1,S56-VT-572.txt
0,S46-SR-362.txt
1,S29-VT-292.txt
0,S04-SR-222.txt
0,S44-SR-514.txt
0,S81-VPD-57.txt
1,S62-VT-414.txt
0,S24-SR-5.txt
1,S81-VT-273.txt
0,S20-SR-13.txt
0,S81-VPD-138.txt
1,S79-VT-398.txt
0,S50-SR-5.txt
0,S46-SR-125.txt
0,S26-SR-665.txt
0,S59-AFb-122.txt
1,S49-VT-129.txt
1,S25-VT-370.txt
0,S35-SR-707.txt
1,S56-VT-699.txt
0,S17-SVT-199.txt
0,S46-SR-250.txt
1,S45-VFb-218.txt
0,S17-SVT-194.txt
0,S91-AFt-240.txt
1,S64-VFb-407.txt
0,S23-SR-64.txt
0,S07-AFb-72.txt
0,S17-SVT-170.txt
1,S60-VT-111.txt
0,S46-SR-38.txt
0,S79-VPD-53.txt
0,S28-SVT-373.txt
1,S07-VT-164.txt
0,S17-SVT-108.txt
1,S06-VT-605.txt
1,S77-VT-274.txt
1,S44-VFb-322.txt
0,S20-SR-723.txt
0,S53-SR-13.txt
1,S06-VT-238.txt
0,S20-SR-984.txt
0,S30-SR-164.txt
0,S80-SR-77.txt
1,S81-VT-620.txt
0,S59-AFb-24.txt
1,S60-VT-171.txt
0,S63-AFb-60.txt
0,S26-SR-58.txt
0,S91-SR-84.txt
1,S30-VT-278.txt
1,S06-VT-131.txt
0,S43-SR-8.txt
1,S25-VT-187.txt
1,S15-VT-891.txt
1,S79-VT-721.txt
0,S34-SR-82.txt
0,S46-SR-136.txt
0,S35-SR-747.txt
0,S94-SR-225.txt
0,S79-SR-583.txt
0,S05-SR-59.txt
0,S58-SR-146.txt
1,S56-VT-687.txt
1,S60-VT-435.txt
0,S43-SR-40.txt
0,S46-SR-486.txt
1,S35-VT-852.txt
0,S40-AFb-206.txt
1,S65-VT-345.txt
0,S56-SR-228.txt
1,S06-VT-513.txt
0,S64-SR-78.txt
0,S10-SR-313.txt
0,S86-SR-1033.txt
0,S85-SR-44.txt
0,S94-SR-91.txt
1,S94-VT-401.txt
0,S24-SR-31.txt
1,S49-VT-150.txt
0,S25-SR-11.txt
0,S59-AFb-39.txt
0,S26-SR-152.txt
0,S15-SR-33.txt
0,S17-SR-83.txt
0,S46-SR-417.txt
1,S81-VT-565.txt
0,S62-SR-47.txt
0,S24-SR-131.txt
1,S50-VT-69.txt
0,S30-SR-186.txt
0,S58-SR-23.txt
1,S81-VT-240.txt
1,S25-VT-402.txt
1,S44-VFb-332.txt
0,S44-SR-143.txt
1,S63-VT-199.txt
0,S10-SR-449.txt
0,S73-SR-20.txt
0,S24-SR-85.txt
1,S63-VT-122.txt
0,S44-SR-43.txt
1,S86-VT-421.txt
1,S57-VT-88.txt
1,S79-VT-229.txt
1,S73-VT-135.txt
0,S08-SR-9.txt
1,S20-VT-1136.txt
0,S79-SR-648.txt
1,S79-VT-762.txt
1,S58-VT-400.txt
1,S26-VT-737.txt
1,S06-VT-233.txt
1,S23-VT-134.txt
0,S32-SR-22.txt
1,S81-VT-470.txt
1,S86-VT-534.txt
0,S20-SR-1012.txt
0,S20-SR-512.txt
1,S81-VT-364.txt
0,S56-SVT-186.txt
1,S08-VT-380.txt
0,S69-SR-142.txt
0,S64-SR-189.txt
0,S44-SR-368.txt
0,S44-SR-130.txt
1,S60-VT-665.txt
1,S44-VFb-260.txt
0,S40-AFb-198.txt
1,S64-VFb-323.txt
0,S06-AFt-101.txt
1,S72-VT-192.txt
1,S71-VT-247.txt
1,S73-VT-202.txt
0,S44-SR-373.txt
1,S80-VFb-157.txt
0,S10-SVT-162.txt
0,S56-SVT-64.txt
1,S35-VT-354.txt
1,S81-VT-327.txt
0,S65-SR-2.txt
0,S77-SR-352.txt
1,S44-VFb-328.txt
1,S86-VT-826.txt
0,S44-SR-204.txt
1,S35-VFb-306.txt
0,S26-SR-299.txt
0,S24-SR-45.txt
0,S53-SR-75.txt
1,S88-VT-251.txt
1,S62-VT-432.txt
0,S72-SR-6.txt
1,S77-VT-185.txt
1,S06-VT-147.txt
0,S62-SR-280.txt
1,S63-VT-158.txt
1,S74-VT-347.txt
1,S35-VFb-242.txt
0,S17-SR-94.txt
1,S58-VT-386.txt
0,S28-SR-262.txt
1,S20-VT-466.txt
0,S34-SR-140.txt
0,S37-SVT-161.txt
1,S13-VFb-35.txt
1,S35-VT-443.txt
0,S79-SR-534.txt
0,S90-VPD-73.txt
1,S86-VT-551.txt
0,S95-AFb-224.txt
0,S16-SR-26.txt
0,S77-SR-333.txt
1,S77-VT-242.txt
1,S93-VT-185.txt
1,S08-VT-237.txt
0,S86-SR-72.txt
1,S06-VT-526.txt
0,S37-SR-115.txt
0,S37-SR-99.txt
0,S86-SR-1080.txt
1,S93-VT-256.txt
0,S89-SR-10.txt
0,S29-SR-61.txt
1,S35-VT-858.txt
0,S69-SR-167.txt
0,S64-SR-30.txt
0,S30-SR-101.txt
1,S65-VT-248.txt
1,S60-VT-556.txt
0,S05-SR-188.txt
1,S20-VT-439.txt
1,S73-VT-182.txt
0,S35-SR-709.txt
1,S72-VT-301.txt
0,S80-SR-110.txt
1,S25-VT-189.txt
0,S17-SR-62.txt
1,S88-VT-336.txt
0,S25-SR-122.txt
1,S56-VT-446.txt
0,S77-VPD-8.txt
1,S86-VT-217.txt
1,S15-VT-636.txt
1,S88-VT-356.txt
0,S88-SR-133.txt
1,S79-VT-452.txt
0,S80-SR-79.txt
0,S10-SR-257.txt
0,S34-SR-231.txt
1,S81-VT-144.txt
0,S20-SR-46.txt
1,S73-VT-293.txt
1,S20-VT-654.txt
0,S77-VPD-50.txt
1,S44-VFb-362.txt
1,S50-VT-199.txt
1,S15-VT-649.txt
1,S50-VT-123.txt
0,S05-SR-85.txt
0,S17-SVT-216.txt
1,S24-VT-153.txt
1,S81-VT-242.txt
0,S20-SR-113.txt
0,S64-SR-270.txt
1,S44-VFb-327.txt
1,S63-VT-126.txt
1,S20-VT-388.txt
1,S44-VFb-333.txt
0,S86-SR-1046.txt
0,S58-SR-154.txt
1,S65-VT-134.txt
1,S85-VT-135.txt
1,S49-VT-230.txt
0,S79-VPD-29.txt
1,S45-VFb-279.txt
0,S15-SR-141.txt
1,S60-VT-749.txt
1,S86-VT-795.txt
1,S94-VT-356.txt
0,S88-SR-110.txt
0,S15-SR-608.txt
0,S07-AFb-1.txt
1,S06-VT-628.txt
0,S20-SR-225.txt
0,S26-SR-641.txt
0,S17-SR-65.txt
0,S15-SR-56.txt
0,S24-SR-107.txt
0,S57-SR-291.txt
0,S91-SR-66.txt
0,S07-SR-302.txt
1,S08-VT-364.txt
1,S57-VT-253.txt
1,S04-VFt-117.txt
1,S65-VT-445.txt
1,S79-VT-428.txt
1,S71-VT-315.txt
0,S95-AFb-197.txt
1,S15-VT-677.txt
1,S53-VFb-153.txt
0,S26-SR-160.txt
1,S44-VFb-423.txt
0,S86-SR-29.txt
1,S63-VT-137.txt
0,S29-SR-108.txt
0,S31-SR-6.txt
1,S65-VT-243.txt
0,S35-SR-337.txt
0,S36-SR-59.txt
1,S94-VT-355.txt
1,S64-VFb-345.txt
1,S65-VT-183.txt
1,S20-VT-1051.txt
1,S71-VT-297.txt
0,S24-SR-68.txt
1,S65-VT-256.txt
0,S88-SR-102.txt
1,S58-VT-276.txt
1,S81-VT-589.txt
0,S94-SR-465.txt
0,S94-SR-30.txt
1,S79-VT-395.txt
1,S71-VT-341.txt
1,S56-VT-680.txt
0,S94-SR-19.txt
0,S35-SR-189.txt
1,S29-VT-244.txt
1,S62-VT-577.txt
1,S81-VT-390.txt
0,S10-SR-360.txt
1,S35-VFb-307.txt
0,S36-SVT-205.txt
0,S44-SR-51.txt
1,S94-VFb-517.txt
0,S07-AFb-85.txt
0,S86-SR-1038.txt
0,S15-SR-290.txt
0,S17-SVT-186.txt
0,S04-SR-253.txt
0,S77-SR-344.txt
1,S15-VT-261.txt
0,S10-SR-289.txt
0,S89-SR-34.txt
1,S29-VT-342.txt
1,S71-VT-264.txt
0,S30-SR-6.txt
0,S35-SR-54.txt
1,S85-VT-71.txt
1,S60-VT-465.txt
1,S06-VT-497.txt
0,S23-SR-71.txt
1,S81-VT-224.txt
1,S73-VT-193.txt
0,S43-AFb-96.txt
1,S86-VT-1150.txt
1,S29-VT-388.txt
0,S05-SR-94.txt
1,S26-VT-731.txt
1,S60-VT-531.txt
0,S88-SR-137.txt
0,S30-SR-64.txt
0,S37-SVT-248.txt
1,S25-VT-401.txt
1,S65-VT-133.txt
0,S89-SR-59.txt
0,S40-AFb-211.txt
0,S89-SR-108.txt
0,S62-SR-289.txt
0,S20-SR-215.txt
0,S79-SR-561.txt
1,S06-VT-607.txt
0,S34-SR-170.txt
1,S64-VFb-344.txt
0,S35-SR-610.txt
1,S29-VT-160.txt
0,S05-SR-203.txt
0,S08-SR-79.txt
0,S26-SR-580.txt
0,S25-SR-40.txt
0,S20-SR-712.txt
0,S71-SR-3.txt
1,S50-VT-61.txt
0,S81-VPD-6.txt
1,S40-VT-116.txt
1,S30-VT-321.txt
0,S30-SR-35.txt
0,S94-SR-168.txt
1,S35-VT-841.txt
1,S25-VT-199.txt
1,S81-VT-688.txt
1,S86-VT-526.txt
0,S26-SR-116.txt
0,S91-SR-31.txt
1,S20-VT-147.txt
1,S56-VT-682.txt
1,S81-VT-314.txt
1,S15-VT-248.txt
0,S17-SR-71.txt
0,S90-VPD-91.txt
1,S45-VFb-211.txt
0,S20-SR-522.txt
0,S63-AFb-58.txt
0,S44-SR-31.txt
1,S26-VT-819.txt
0,S64-SR-137.txt
0,S30-SR-125.txt
0,S26-SR-224.txt
1,S25-VT-405.txt
1,S25-VT-469.txt
0,S10-SR-88.txt
1,S40-VT-118.txt
1,S53-VFb-230.txt
1,S20-VT-157.txt
1,S79-VT-743.txt
1,S20-VT-420.txt
0,S62-SR-288.txt
1,S49-VT-235.txt
0,S60-SR-27.txt
0,S36-SVT-201.txt
1,S80-VFb-149.txt
1,S06-VT-543.txt
0,S26-SR-496.txt
0,S73-SR-56.txt
0,S56-SVT-161.txt
1,S46-VT-209.txt
0,S64-SR-141.txt
1,S50-VT-243.txt
1,S15-VT-195.txt
1,S08-VT-316.txt
0,S81-VPD-8.txt
1,S24-VT-166.txt
1,S62-VT-204.txt
0,S25-SR-111.txt
0,S32-SR-136.txt
1,S72-VT-255.txt
1,S58-VT-388.txt
1,S62-VT-539.txt
1,S62-VT-168.txt
0,S53-SR-63.txt
1,S95-VT-312.txt
1,S15-VT-869.txt
1,S35-VT-914.txt
1,S81-VT-360.txt
0,S56-SVT-339.txt
0,S91-AFt-152.txt
1,S85-VT-97.txt
1,S15-VT-455.txt
1,S29-VT-406.txt
0,S05-SR-53.txt
1,S46-VT-297.txt
1,S50-VT-279.txt
1,S08-VT-388.txt
0,S79-SR-574.txt
0,S20-SR-709.txt
0,S06-AFt-61.txt
1,S65-VT-430.txt
0,S20-SR-61.txt
1,S46-VT-519.txt
0,S94-SR-110.txt
0,S62-SR-98.txt
0,S46-SR-429.txt
0,S10-SR-321.txt
1,S40-VT-7.txt
0,S95-AFb-55.txt
0,S24-SR-86.txt
0,S56-SVT-349.txt
0,S10-SR-116.txt
0,S94-SR-35.txt
1,S50-VT-105.txt
1,S71-VT-277.txt
1,S20-VT-364.txt
1,S08-VT-324.txt
0,S20-SR-989.txt
0,S04-SR-234.txt
1,S60-VT-260.txt
0,S15-SR-597.txt
0,S30-SR-21.txt
0,S46-SR-382.txt
0,S45-VPD-118.txt
1,S06-VT-533.txt
1,S81-VT-278.txt
0,S80-SR-72.txt
0,S35-SR-65.txt
0,S35-SR-566.txt
0,S94-SR-62.txt
0,S62-SR-112.txt
0,S86-SR-89.txt
1,S06-VT-494.txt
0,S15-SR-490.txt
1,S79-VT-154.txt
0,S72-SR-20.txt
1,S25-VT-300.txt
0,S66-SR-66.txt
1,S53-VFb-246.txt
0,S44-SR-233.txt
1,S86-VT-521.txt
0,S58-SR-129.txt
1,S57-VT-49.txt
1,S65-VT-292.txt
0,S60-SR-93.txt
1,S81-VT-445.txt
0,S35-SR-733.txt
0,S16-SR-19.txt
0,S94-SR-51.txt
0,S26-SR-421.txt
0,S46-SR-179.txt
1,S81-VT-615.txt
0,S08-SR-66.txt
0,S05-SR-107.txt
0,S28-SVT-377.txt
0,S46-SR-6.txt
0,S94-SR-235.txt
1,S35-VT-418.txt
0,S32-SR-33.txt
1,S81-VT-601.txt
0,S94-SR-342.txt
0,S28-SR-405.txt
0,S35-SR-736.txt
1,S64-VFb-417.txt
1,S72-VT-205.txt
1,S53-VFb-185.txt
0,S30-SR-8.txt
0,S05-SR-68.txt
1,S58-VT-333.txt
0,S26-SR-78.txt
1,S60-VT-418.txt
0,S04-SR-247.txt
0,S59-AFb-11.txt
0,S28-SR-61.txt
0,S05-SR-103.txt
0,S30-SR-163.txt
0,S28-SVT-345.txt
0,S89-SR-95.txt
1,S86-VT-189.txt
0,S56-SVT-143.txt
0,S15-SR-802.txt
1,S60-VT-423.txt
0,S58-SR-153.txt
0,S94-SR-58.txt
1,S08-VT-118.txt
0,S46-SR-447.txt
1,S95-VT-286.txt
0,S81-VPD-29.txt
1,S86-VT-1112.txt
0,S64-SR-132.txt
1,S29-VT-266.txt
1,S04-VFt-109.txt
1,S81-VT-503.txt
0,S45-VPD-153.txt
0,S20-SR-834.txt
0,S79-VPD-74.txt
1,S64-VFb-392.txt
1,S24-VT-147.txt
1,S94-VT-399.txt
0,S30-SR-144.txt
0,S28-SR-173.txt
1,S25-VT-183.txt
1,S15-VT-736.txt
1,S86-VT-197.txt
0,S77-VPD-75.txt
1,S56-VT-697.txt
0,S08-SR-48.txt
0,S77-SR-290.txt
0,S63-AFb-29.txt
0,S10-SR-408.txt
0,S10-SVT-169.txt
1,S95-VT-341.txt
0,S26-SR-259.txt
0,S74-SR-32.txt
1,S06-VT-301.txt
1,S50-VT-254.txt
1,S77-VT-419.txt
0,S94-SR-10.txt
0,S94-SR-324.txt
1,S86-VT-350.txt
1,S79-VT-709.txt
1,S50-VT-121.txt
0,S80-SR-69.txt
1,S81-VT-405.txt
0,S46-SR-81.txt
1,S79-VT-749.txt
1,S86-VT-332.txt
0,S79-SR-580.txt
0,S62-SR-274.txt
0,S20-SR-3.txt
1,S64-VFb-218.txt
1,S86-VT-1133.txt
0,S64-SR-99.txt
1,S46-VT-544.txt
1,S60-VT-128.txt
1,S35-VT-449.txt
1,S07-VT-168.txt
0,S26-SR-600.txt
1,S72-VT-304.txt
0,S20-SR-54.txt
1,S95-VT-315.txt
0,S74-SR-248.txt
1,S60-VT-525.txt
0,S07-SR-249.txt
1,S79-VT-382.txt
0,S35-SR-234.txt
1,S81-VT-760.txt
1,S79-VT-336.txt
0,S34-SR-188.txt
1,S50-VT-258.txt
1,S62-VT-411.txt
0,S94-SR-428.txt
1,S58-VT-267.txt
0,S49-SR-179.txt
1,S15-VT-889.txt
0,S91-SR-41.txt
1,S30-VT-212.txt
1,S77-VT-443.txt
1,S94-VFb-514.txt
0,S79-SR-555.txt
1,S20-VT-1054.txt
0,S44-SR-467.txt
0,S36-SR-101.txt
1,S30-VT-347.txt
0,S71-SR-42.txt
0,S26-SR-137.txt
1,S81-VT-772.txt
1,S77-VT-200.txt
0,S44-SR-541.txt
1,S56-VT-599.txt
1,S40-VT-114.txt
1,S25-VT-172.txt
1,S73-VT-330.txt
0,S34-SR-69.txt
0,S81-VPD-99.txt
0,S36-SR-48.txt
0,S49-VPD-92.txt
0,S46-SR-438.txt
1,S35-VT-899.txt
0,S28-SVT-321.txt
0,S94-SR-70.txt
0,S71-SR-39.txt
1,S81-VT-243.txt
1,S86-VT-832.txt
1,S79-VT-489.txt
1,S40-VT-128.txt
1,S07-VT-199.txt
1,S60-VT-402.txt
0,S74-SR-54.txt
0,S56-SR-267.txt
1,S93-VT-209.txt
1,S40-VT-69.txt
0,S56-SVT-316.txt
0,S20-SR-871.txt
0,S10-SR-361.txt
1,S85-VT-112.txt
0,S08-SR-21.txt
0,S44-SR-18.txt
1,S30-VT-193.txt
1,S71-VT-140.txt
1,S95-VT-108.txt
1,S15-VT-243.txt
0,S77-VPD-46.txt
1,S49-VT-154.txt
0,S79-SR-661.txt
0,S15-SR-833.txt
1,S86-VT-298.txt
0,S62-SR-68.txt
1,S46-VT-261.txt
1,S81-VT-757.txt
1,S46-VT-508.txt
0,S06-AFt-36.txt
1,S57-VT-87.txt
1,S49-VT-208.txt
0,S20-SR-964.txt
1,S81-VT-737.txt
0,S15-SR-280.txt
0,S64-SR-277.txt
1,S81-VT-350.txt
1,S79-VT-273.txt
0,S10-SR-40.txt
1,S13-VFb-42.txt
1,S62-VT-269.txt
1,S77-VT-205.txt
0,S17-SR-34.txt
1,S50-VT-302.txt
1,S93-VT-250.txt
0,S91-SR-40.txt
1,S35-VFb-304.txt
0,S77-SR-313.txt
0,S23-SR-37.txt
1,S25-VT-497.txt
0,S15-SR-766.txt
0,S10-SR-80.txt
0,S31-SR-103.txt
0,S20-SR-217.txt
1,S65-VT-306.txt
1,S15-VT-746.txt
1,S86-VT-530.txt
0,S95-AFb-59.txt
1,S81-VT-463.txt
0,S28-SVT-353.txt
0,S28-SR-29.txt
1,S77-VT-224.txt
1,S44-VFb-352.txt
0,S17-SVT-149.txt
1,S89-VFb-140.txt
0,S36-SR-54.txt
1,S62-VT-584.txt
0,S69-SR-24.txt
0,S74-SR-232.txt
0,S43-AFb-95.txt
0,S35-SR-122.txt
1,S60-VT-257.txt
0,S20-SR-705.txt
1,S57-VT-38.txt
0,S49-SR-122.txt
1,S49-VT-259.txt
1,S79-VT-454.txt
0,S90-AFb-259.txt
0,S26-SR-313.txt
1,S20-VT-1088.txt
1,S26-VT-834.txt
1,S86-VT-912.txt
1,S60-VT-383.txt
0,S79-VPD-87.txt
0,S90-VPD-9.txt
0,S36-SVT-194.txt
1,S74-VT-163.txt
1,S15-VT-642.txt
0,S44-SR-180.txt
1,S15-VT-718.txt
0,S17-SVT-110.txt
1,S08-VT-398.txt
0,S35-SR-140.txt
1,S81-VT-160.txt
0,S58-SR-128.txt
1,S25-VT-298.txt
0,S94-SR-458.txt
1,S29-VT-269.txt
0,S53-SR-37.txt
0,S45-VPD-190.txt
1,S08-VT-116.txt
0,S20-SR-986.txt
0,S77-SR-322.txt
1,S74-VT-90.txt
1,S79-VT-481.txt
1,S93-VT-312.txt
0,S20-SR-936.txt
1,S58-VT-168.txt
1,S04-VFt-153.txt
1,S72-VT-199.txt
1,S60-VT-278.txt
0,S56-SR-252.txt
0,S44-SR-500.txt
0,S31-SR-133.txt
0,S64-SR-10.txt
0,S65-SR-3.txt
0,S88-SR-25.txt
0,S35-SR-137.txt
0,S73-SR-97.txt
1,S08-VT-340.txt
1,S60-VT-300.txt
1,S20-VT-1138.txt
0,S59-AFb-19.txt
1,S46-VT-579.txt
0,S64-SR-190.txt
0,S31-SR-92.txt
0,S95-AFb-61.txt
1,S86-VT-221.txt
0,S86-SR-1070.txt
0,S35-SR-515.txt
1,S20-VT-244.txt
1,S08-VT-403.txt
0,S26-SR-216.txt
1,S06-VT-280.txt
1,S86-VT-963.txt
1,S07-VT-192.txt
1,S20-VT-650.txt
0,S56-SVT-196.txt
1,S63-VT-118.txt
0,S07-SR-280.txt
0,S73-SR-5.txt
1,S46-VT-547.txt
1,S07-VT-197.txt
1,S85-VT-120.txt
1,S60-VT-552.txt
1,S07-VT-206.txt
1,S29-VT-367.txt
1,S57-VT-114.txt
1,S60-VT-384.txt
1,S77-VT-184.txt
1,S29-VT-427.txt
0,S86-SR-20.txt
1,S56-VT-541.txt
1,S81-VT-259.txt
0,S37-SR-71.txt
1,S86-VT-309.txt
0,S07-SR-229.txt
1,S30-VT-333.txt
1,S93-VT-215.txt
0,S10-SR-78.txt
1,S60-VT-568.txt
0,S95-AFb-249.txt
0,S28-SR-188.txt
1,S63-VT-110.txt
1,S50-VT-115.txt
0,S94-SR-157.txt
0,S32-SR-108.txt
0,S45-VPD-84.txt
1,S15-VT-332.txt
0,S30-SR-36.txt
1,S26-VT-801.txt
1,S72-VT-333.txt
1,S40-VT-76.txt
0,S53-SR-42.txt
0,S93-SR-100.txt
1,S24-VT-180.txt
1,S62-VT-601.txt
0,S94-SR-268.txt
1,S53-VFb-215.txt
0,S69-SR-11.txt
0,S66-SR-83.txt
0,S43-SR-68.txt
1,S74-VT-89.txt
0,S45-VPD-167.txt
0,S15-SR-283.txt
0,S05-SR-95.txt
0,S15-SR-22.txt
1,S79-VT-482.txt
0,S56-SVT-78.txt
0,S64-SR-152.txt
0,S20-SR-785.txt
1,S64-VFb-245.txt
0,S46-SR-127.txt
1,S29-VT-346.txt
1,S79-VT-251.txt
1,S86-VT-142.txt
0,S10-SR-138.txt
1,S86-VT-482.txt
1,S72-VT-97.txt
0,S37-SVT-135.txt
1,S77-VT-190.txt
0,S44-SR-551.txt
1,S06-VT-615.txt
1,S25-VT-472.txt
1,S46-VT-517.txt
0,S69-SR-26.txt
1,S80-VT-31.txt
1,S77-VT-461.txt
0,S62-SR-20.txt
1,S71-VT-276.txt
1,S73-VT-111.txt
1,S20-VT-250.txt
1,S40-VT-18.txt
1,S15-VT-408.txt
1,S20-VT-153.txt
0,S34-SR-11.txt
1,S79-VT-499.txt
0,S07-AFb-71.txt
1,S06-VT-650.txt
0,S49-VPD-65.txt
0,S10-SR-409.txt
1,S81-VT-246.txt
1,S20-VT-411.txt
0,S34-SR-55.txt
1,S79-VT-424.txt
0,S53-SR-29.txt
0,S36-SVT-203.txt
1,S60-VT-693.txt
0,S56-SVT-326.txt
1,S65-VT-348.txt
1,S74-VT-123.txt
0,S44-SR-160.txt
0,S30-SR-75.txt
0,S94-SR-258.txt
0,S90-VPD-49.txt
0,S35-SR-31.txt
0,S06-AFt-48.txt
1,S63-VT-127.txt
1,S79-VT-479.txt
1,S60-VT-367.txt
1,S08-VT-152.txt
1,S46-VT-233.txt
1,S60-VT-572.txt
0,S59-AFb-123.txt
0,S31-SR-86.txt
0,S80-SR-71.txt
0,S35-SR-665.txt
1,S20-VT-575.txt
1,S86-VT-631.txt
1,S15-VT-641.txt
1,S60-VT-445.txt
0,S30-SR-120.txt
0,S94-SR-328.txt
1,S81-VT-231.txt
1,S20-VT-1102.txt
1,S06-VT-530.txt
1,S06-VT-398.txt
0,S20-SR-221.txt
0,S74-SR-299.txt
1,S81-VT-714.txt
1,S58-VT-425.txt
1,S40-VT-70.txt
1,S15-VT-696.txt
0,S95-AFb-60.txt
0,S16-SR-90.txt
0,S91-AFt-180.txt
0,S10-SR-258.txt
1,S86-VT-315.txt
1,S46-VT-239.txt
0,S26-SR-129.txt
0,S95-AFb-246.txt
1,S81-VT-186.txt
1,S29-VT-384.txt
0,S45-VPD-82.txt
0,S46-SR-126.txt
0,S95-AFb-14.txt
1,S50-VT-45.txt
1,S62-VT-371.txt
0,S26-SR-132.txt
1,S06-VT-541.txt
1,S95-VT-89.txt
1,S77-VT-212.txt
0,S44-SR-462.txt
1,S06-VT-444.txt
1,S73-VT-287.txt
0,S20-SR-494.txt
0,S34-SR-129.txt
0,S26-SR-266.txt
0,S58-SR-9.txt
1,S06-VT-313.txt
0,S20-SR-140.txt
1,S79-VT-713.txt
1,S60-VT-729.txt
0,S25-SR-156.txt
0,S77-SR-282.txt
0,S91-AFt-210.txt
1,S95-VT-325.txt
1,S40-VT-38.txt
1,S74-VT-319.txt
1,S50-VT-47.txt
0,S26-SR-311.txt
0,S10-SR-54.txt
1,S62-VT-264.txt
0,S44-SR-381.txt
0,S56-SVT-411.txt
0,S10-SR-23.txt
1,S80-VFb-252.txt
0,S56-SVT-318.txt
0,S35-SR-226.txt
1,S81-VT-335.txt
1,S81-VT-388.txt
0,S56-SVT-167.txt
1,S46-VT-267.txt
1,S86-VT-759.txt
0,S46-SR-347.txt
1,S08-VT-391.txt
1,S86-VT-278.txt
0,S20-SR-948.txt
1,S44-VFb-279.txt
1,S45-VFb-246.txt
0,S79-VPD-31.txt
0,S91-SR-61.txt
0,S53-SR-116.txt
0,S32-SR-112.txt
1,S53-VFb-234.txt
0,S28-SVT-324.txt
1,S06-VT-620.txt
0,S34-SR-64.txt
0,S90-VPD-27.txt
0,S35-SR-683.txt
1,S35-VT-437.txt
0,S20-SR-838.txt
0,S26-SR-101.txt
0,S26-SR-184.txt
0,S36-SR-156.txt
1,S04-VFt-8.txt
0,S37-SVT-174.txt
1,S08-VT-196.txt
1,S79-VT-269.txt
0,S56-SVT-286.txt
0,S23-SR-13.txt
1,S65-VT-260.txt
0,S20-SR-725.txt
0,S56-SR-255.txt
1,S94-VT-350.txt
1,S93-VT-145.txt
0,S94-SR-198.txt
0,S94-SR-167.txt
0,S72-SR-48.txt
1,S79-VT-266.txt
0,S16-SR-83.txt
0,S23-SR-61.txt
0,S69-SR-138.txt
1,S58-VT-165.txt
0,S91-SR-90.txt
0,S58-SR-14.txt
1,S73-VT-359.txt
0,S62-SR-110.txt
0,S62-SR-279.txt
0,S36-SR-79.txt
0,S28-SR-147.txt
1,S50-VT-267.txt
1,S15-VT-874.txt
0,S93-SR-94.txt
1,S62-VT-520.txt
1,S06-VT-224.txt
1,S15-VT-698.txt
1,S26-VT-699.txt
0,S10-SR-436.txt
0,S49-SR-117.txt
0,S86-SR-56.txt
1,S15-VT-361.txt
0,S81-VPD-9.txt
0,S30-SR-28.txt
1,S58-VT-179.txt
1,S06-VT-575.txt
0,S72-SR-44.txt
1,S20-VT-151.txt
0,S23-SR-80.txt
1,S20-VT-172.txt
1,S08-VT-229.txt
1,S80-VFb-160.txt
1,S77-VT-262.txt
1,S53-VFb-139.txt
0,S28-SVT-319.txt
0,S17-SR-87.txt
1,S15-VT-211.txt
1,S74-VT-106.txt
0,S04-SR-246.txt
0,S16-SR-38.txt
0,S31-SR-3.txt
0,S10-SVT-148.txt
1,S25-VT-168.txt
0,S23-SR-98.txt
0,S35-SR-607.txt
1,S15-VT-630.txt
1,S29-VT-348.txt
0,S34-SR-23.txt
1,S15-VT-947.txt
0,S45-VPD-12.txt
0,S56-SVT-174.txt
0,S35-SR-770.txt
0,S62-SR-100.txt
0,S35-SR-162.txt
0,S77-SR-374.txt
1,S79-VT-410.txt
0,S35-SR-797.txt
0,S44-SR-65.txt
0,S69-SR-121.txt
1,S86-VT-708.txt
1,S20-VT-665.txt
0,S93-SR-56.txt
0,S26-SR-438.txt
1,S35-VT-844.txt
0,S31-AFt-179.txt
0,S64-SR-12.txt
1,S15-VT-708.txt
1,S81-VT-258.txt
1,S30-VT-195.txt
0,S36-SR-43.txt
0,S36-SR-147.txt
1,S86-VT-125.txt
0,S36-SR-78.txt
1,S58-VT-284.txt
1,S06-VT-389.txt
1,S64-VFb-383.txt
1,S50-VT-237.txt
0,S44-SR-458.txt
0,S31-SR-147.txt
0,S94-SR-112.txt
0,S49-VPD-37.txt
1,S86-VT-213.txt
1,S26-VT-836.txt
0,S90-AFb-274.txt
1,S60-VT-432.txt
1,S43-VT-144.txt
0,S81-SR-665.txt
0,S06-AFt-10.txt
0,S74-SR-296.txt
0,S31-SR-48.txt
1,S86-VT-188.txt
1,S25-VT-486.txt
0,S91-AFt-267.txt
0,S58-SR-3.txt
0,S69-SR-126.txt
1,S06-VT-212.txt
0,S24-SR-111.txt
0,S35-SR-487.txt
0,S15-SR-558.txt
1,S49-VT-139.txt
1,S40-VT-88.txt
0,S74-SR-303.txt
1,S71-VT-345.txt
1,S81-VT-177.txt
0,S77-SR-321.txt
0,S20-SR-541.txt
1,S58-VT-352.txt
1,S57-VT-236.txt
1,S88-VT-227.txt
0,S72-SR-274.txt
1,S86-VT-119.txt
0,S26-SR-458.txt
1,S15-VT-659.txt
1,S15-VT-884.txt
0,S28-SVT-277.txt
1,S25-VT-527.txt
1,S25-VT-413.txt
0,S30-SR-66.txt
1,S81-VT-699.txt
0,S44-SR-200.txt
1,S86-VT-475.txt
0,S35-SR-649.txt
1,S74-VT-350.txt
0,S15-SR-602.txt
1,S20-VT-1103.txt
1,S25-VT-501.txt
0,S08-SR-59.txt
0,S15-SR-571.txt
0,S44-SR-544.txt
0,S94-SR-472.txt
0,S91-AFt-294.txt
0,S20-SR-979.txt
1,S81-VT-149.txt
0,S46-SR-37.txt
0,S35-SR-69.txt
1,S26-VT-720.txt
0,S90-SR-313.txt
1,S06-VT-146.txt
1,S62-VT-442.txt
0,S59-AFb-75.txt
1,S81-VT-490.txt
1,S20-VT-1053.txt
1,S30-VT-229.txt
0,S26-SR-50.txt
1,S93-VT-284.txt
1,S79-VT-394.txt
1,S44-VFb-426.txt
0,S28-SR-69.txt
0,S86-SR-9.txt
1,S88-VT-318.txt
0,S26-SR-76.txt
0,S46-SR-367.txt
1,S15-VT-441.txt
0,S71-SR-35.txt
0,S17-SR-73.txt
0,S20-SR-917.txt
0,S90-SR-320.txt
0,S90-AFb-231.txt
1,S57-VT-239.txt
1,S26-VT-759.txt
0,S46-SR-352.txt
1,S81-VT-442.txt
1,S60-VT-426.txt
1,S25-VT-449.txt
0,S46-SR-405.txt
0,S65-SR-47.txt
0,S35-SR-102.txt
1,S06-VT-641.txt
1,S88-VT-232.txt
0,S65-SR-16.txt
1,S60-VT-229.txt
0,S26-SR-377.txt
1,S73-VT-363.txt
0,S94-SR-463.txt
1,S65-VT-282.txt
0,S69-SR-182.txt
0,S28-SVT-358.txt
1,S64-VFb-367.txt
1,S04-VFt-7.txt
0,S56-SR-18.txt
1,S71-VT-344.txt
1,S81-VT-391.txt
0,S44-SR-519.txt
0,S90-AFb-261.txt
1,S20-VT-167.txt
0,S58-SR-114.txt
1,S30-VT-339.txt
0,S28-SR-141.txt
1,S72-VT-308.txt
1,S06-VT-314.txt
0,S30-SR-95.txt
0,S90-AFb-236.txt
1,S35-VFb-275.txt
1,S58-VT-236.txt
0,S15-SR-799.txt
1,S94-VT-371.txt
1,S65-VT-209.txt
1,S08-VT-98.txt
0,S81-VPD-34.txt
1,S20-VT-179.txt
1,S08-VT-287.txt
0,S35-SR-159.txt
0,S86-SR-38.txt
1,S86-VT-155.txt
0,S20-SR-227.txt
0,S44-SR-75.txt
0,S29-SR-131.txt
0,S81-VPD-76.txt
1,S60-VT-273.txt
0,S81-SR-666.txt
0,S64-SR-20.txt
0,S46-SR-485.txt
0,S56-SVT-315.txt
0,S77-VPD-76.txt
0,S53-SR-129.txt
0,S07-AFb-117.txt
1,S08-VT-107.txt
0,S28-SR-392.txt
1,S35-VT-842.txt
1,S58-VT-208.txt
0,S17-SR-88.txt
0,S20-SR-850.txt
1,S08-VT-130.txt
0,S46-SR-393.txt
0,S36-SVT-177.txt
0,S08-SR-49.txt
1,S81-VT-706.txt
0,S64-SR-123.txt
0,S10-SR-37.txt
1,S06-VT-278.txt
1,S86-VT-139.txt
0,S95-AFb-3.txt
1,S15-VT-634.txt
0,S36-SR-77.txt
0,S63-AFb-4.txt
1,S93-VT-267.txt
1,S24-VT-170.txt
1,S93-VT-303.txt
0,S79-VPD-50.txt
0,S94-SR-29.txt
0,S32-SR-15.txt
0,S91-AFt-185.txt
0,S59-AFb-119.txt
1,S24-VT-160.txt
0,S56-SVT-80.txt
1,S74-VT-140.txt
1,S15-VT-346.txt
0,S65-SR-77.txt
0,S74-SR-27.txt
1,S86-VT-548.txt
0,S44-SR-36.txt
0,S89-SR-117.txt
0,S17-SVT-148.txt
1,S88-VT-218.txt
1,S23-VT-141.txt
1,S60-VT-658.txt
0,S37-SVT-225.txt
1,S86-VT-490.txt
1,S90-VT-184.txt
0,S58-SR-150.txt
0,S80-SR-95.txt
1,S25-VT-228.txt
1,S62-VT-149.txt
1,S79-VT-297.txt
0,S94-SR-156.txt
0,S90-VPD-86.txt
0,S94-SR-485.txt
1,S86-VT-215.txt
0,S91-AFt-127.txt
1,S26-VT-853.txt
0,S04-SR-243.txt
1,S49-VT-148.txt
1,S81-VT-221.txt
0,S94-SR-473.txt
1,S57-VT-56.txt
1,S06-VT-571.txt
1,S20-VT-1150.txt
1,S35-VFb-239.txt
1,S35-VT-421.txt
0,S86-SR-1051.txt
1,S60-VT-250.txt
0,S37-SR-25.txt
1,S77-VT-149.txt
1,S35-VFb-257.txt
0,S64-SR-124.txt
0,S86-SR-982.txt
1,S80-VT-27.txt
1,S79-VT-187.txt
1,S50-VT-251.txt
0,S93-SR-106.txt
1,S50-VT-65.txt
1,S20-VT-644.txt
0,S69-SR-107.txt
1,S26-VT-829.txt
1,S81-VT-416.txt
0,S25-SR-39.txt
0,S30-SR-116.txt
0,S58-SR-46.txt
0,S77-SR-385.txt
0,S91-AFt-295.txt
0,S26-SR-322.txt
1,S80-VFb-167.txt
1,S65-VT-170.txt
1,S85-VT-132.txt
1,S65-VT-108.txt
1,S71-VT-137.txt
1,S86-VT-292.txt
0,S05-SR-211.txt
1,S46-VT-218.txt
0,S35-SR-516.txt
0,S56-SR-247.txt
0,S29-SR-54.txt
1,S71-VT-257.txt
0,S93-SR-28.txt
0,S10-SR-52.txt
0,S05-SR-36.txt
0,S16-SR-67.txt
0,S44-SR-140.txt
1,S07-VT-139.txt
0,S43-SR-80.txt
0,S58-SR-87.txt
1,S74-VT-178.txt
0,S20-SR-851.txt
0,S20-SR-212.txt
1,S40-VT-72.txt
0,S35-SR-618.txt
0,S49-VPD-68.txt
0,S90-VPD-79.txt
0,S91-SR-70.txt
1,S32-VFb-147.txt
1,S79-VT-208.txt
1,S26-VT-757.txt
0,S90-VPD-13.txt
0,S59-AFb-33.txt
1,S15-VT-244.txt
1,S62-VT-407.txt
1,S06-VT-570.txt
0,S94-SR-334.txt
1,S08-VT-201.txt
0,S81-SR-671.txt
1,S86-VT-1139.txt
1,S86-VT-471.txt
0,S80-SR-96.txt
1,S58-VT-362.txt
1,S60-VT-498.txt
0,S10-SR-376.txt
0,S34-SR-192.txt
1,S72-VT-224.txt
0,S05-SR-129.txt
0,S44-SR-216.txt
0,S35-SR-755.txt
1,S49-VT-248.txt
1,S06-VT-535.txt
1,S60-VT-136.txt
0,S34-SR-158.txt
1,S74-VT-132.txt
1,S81-VT-272.txt
1,S15-VT-938.txt
0,S79-VPD-97.txt
0,S06-AFt-59.txt
0,S91-SR-54.txt
1,S73-VT-153.txt
0,S43-SR-42.txt
1,S88-VT-229.txt
0,S23-SR-55.txt
0,S91-SR-51.txt
0,S94-SR-302.txt
1,S81-VT-597.txt
1,S40-VT-123.txt
1,S15-VT-439.txt
1,S35-VT-485.txt
1,S29-VT-364.txt
1,S58-VT-372.txt
1,S72-VT-127.txt
1,S50-VT-173.txt
1,S53-VFb-227.txt
1,S56-VT-604.txt
1,S40-VT-40.txt
1,S60-VT-313.txt
1,S04-VFt-141.txt
1,S60-VT-721.txt
1,S80-VFb-193.txt
1,S60-VT-752.txt
0,S58-SR-137.txt
1,S25-VT-508.txt
1,S72-VT-322.txt
1,S50-VT-137.txt
1,S86-VT-818.txt
0,S15-SR-103.txt
1,S44-VFb-288.txt
0,S15-SR-553.txt
1,S40-VFb-165.txt
1,S46-VT-266.txt
1,S25-VT-208.txt
1,S80-VFb-230.txt
0,S26-SR-570.txt
0,S44-SR-537.txt
1,S86-VT-131.txt
0,S58-SR-11.txt
1,S45-VFb-291.txt
0,S30-SR-77.txt
1,S29-VT-271.txt
1,S46-VT-594.txt
0,S79-SR-528.txt
0,S05-SR-80.txt
1,S80-VFb-191.txt
1,S53-VFb-224.txt
1,S15-VT-343.txt
0,S69-SR-179.txt
0,S43-AFb-89.txt
0,S77-SR-323.txt
1,S74-VT-151.txt
1,S43-VT-117.txt
0,S94-SR-468.txt
1,S81-VT-420.txt
0,S26-SR-229.txt
0,S91-AFt-282.txt
0,S10-SR-248.txt
0,S72-SR-40.txt
1,S44-VFb-276.txt
0,S16-SR-45.txt
0,S10-SR-252.txt
1,S60-VT-214.txt
1,S79-VT-450.txt
0,S23-SR-78.txt
0,S28-SVT-352.txt
1,S64-VFb-244.txt
0,S90-AFb-246.txt
1,S30-VT-295.txt
0,S81-VPD-80.txt
0,S35-SR-536.txt
1,S15-VT-631.txt
0,S20-SR-784.txt
1,S72-VT-327.txt
0,S79-VPD-45.txt
0,S94-SR-480.txt
1,S86-VT-679.txt
1,S79-VT-666.txt
0,S56-SR-51.txt
0,S36-SR-151.txt
0,S89-SR-72.txt
0,S64-SR-148.txt
0,S64-SR-269.txt
1,S81-VT-309.txt
1,S73-VT-106.txt
1,S15-VT-422.txt
1,S81-VT-347.txt
1,S63-VT-187.txt
0,S46-SR-379.txt
1,S81-VT-588.txt
0,S35-SR-634.txt
0,S23-SR-79.txt
1,S32-VFb-174.txt
1,S88-VT-349.txt
0,S56-SVT-305.txt
0,S24-SR-23.txt
1,S71-VT-328.txt
1,S08-VT-115.txt
0,S15-SR-299.txt
1,S73-VT-306.txt
1,S20-VT-176.txt
0,S25-SR-33.txt
1,S57-VT-105.txt
1,S86-VT-612.txt
1,S15-VT-220.txt
1,S60-VT-420.txt
0,S30-SR-62.txt
1,S60-VT-315.txt
0,S28-SR-234.txt
1,S35-VT-836.txt
1,S88-VT-264.txt
0,S35-SR-191.txt
0,S95-AFb-54.txt
1,S86-VT-1116.txt
0,S44-SR-505.txt
1,S74-VT-77.txt
1,S49-VT-147.txt
1,S20-VT-459.txt
0,S43-SR-5.txt
1,S72-VT-126.txt
0,S10-SR-211.txt
1,S25-VT-279.txt
0,S77-SR-319.txt
0,S64-SR-23.txt
1,S08-VT-113.txt
0,S94-SR-115.txt
1,S49-VT-138.txt
0,S86-SR-1082.txt
0,S34-SR-164.txt
0,S06-AFt-23.txt
0,S79-VPD-44.txt
0,S26-SR-295.txt
1,S64-VFb-424.txt
1,S15-VT-435.txt
0,S77-SR-112.txt
0,S66-SR-33.txt
1,S94-VT-351.txt
0,S07-AFb-67.txt
1,S72-VT-116.txt
0,S44-SR-460.txt
0,S77-SR-299.txt
1,S71-VT-225.txt
1,S46-VT-165.txt
1,S35-VT-890.txt
0,S31-SR-89.txt
0,S56-SVT-117.txt
0,S60-SR-51.txt
1,S06-VT-297.txt
1,S60-VT-179.txt
1,S74-VT-76.txt
0,S26-SR-128.txt
1,S50-VT-55.txt
1,S04-VFt-137.txt
1,S50-VT-323.txt
0,S28-SVT-343.txt
1,S29-VT-175.txt
1,S20-VT-368.txt
1,S29-VT-274.txt
1,S81-VT-558.txt
1,S26-VT-887.txt
1,S06-VT-600.txt
0,S36-SVT-182.txt
0,S49-VPD-49.txt
0,S05-SR-210.txt
1,S79-VT-282.txt
0,S35-SR-217.txt
0,S77-SR-109.txt
1,S29-VT-293.txt
1,S94-VT-362.txt
1,S56-VT-475.txt
1,S62-VT-491.txt
0,S90-VPD-34.txt
0,S15-SR-816.txt
1,S50-VT-53.txt
0,S23-SR-83.txt
1,S72-VT-170.txt
0,S34-SR-54.txt
1,S56-VT-458.txt
0,S10-SR-365.txt
1,S20-VT-556.txt
1,S60-VT-482.txt
1,S86-VT-558.txt
1,S81-VT-613.txt
0,S69-SR-73.txt
0,S46-SR-87.txt
0,S36-SR-119.txt
1,S86-VT-436.txt
1,S72-VT-278.txt
0,S35-SR-561.txt
1,S25-VT-423.txt
1,S65-VT-294.txt
1,S79-VT-354.txt
1,S20-VT-1094.txt
1,S73-VT-362.txt
1,S60-VT-675.txt
0,S20-SR-222.txt
1,S25-VT-196.txt
1,S86-VT-589.txt
1,S81-VT-173.txt
0,S94-SR-267.txt
1,S15-VT-733.txt
0,S08-SR-34.txt
1,S30-VT-344.txt
0,S17-SVT-183.txt
0,S94-SR-184.txt
0,S62-SR-461.txt
1,S56-VT-526.txt
1,S40-VFb-173.txt
1,S86-VT-132.txt
0,S10-SR-314.txt
1,S60-VT-489.txt
1,S24-VT-176.txt
0,S15-SR-143.txt
1,S20-VT-171.txt
0,S44-SR-93.txt
1,S77-VT-162.txt
1,S57-VT-70.txt
0,S66-SR-110.txt
0,S34-SR-205.txt
1,S35-VT-904.txt
1,S35-VT-482.txt
1,S86-VT-962.txt
1,S73-VT-222.txt
0,S45-VPD-198.txt
0,S35-SR-585.txt
0,S10-SVT-200.txt
0,S45-VPD-51.txt
1,S80-VFb-200.txt
0,S10-SR-100.txt
1,S29-VT-255.txt
0,S35-SR-50.txt
1,S90-VT-131.txt
0,S29-SR-27.txt
0,S63-AFb-75.txt
1,S56-VT-515.txt
0,S90-VPD-44.txt
0,S20-SR-933.txt
1,S15-VT-317.txt
0,S62-SR-16.txt
1,S46-VT-566.txt
1,S86-VT-382.txt
0,S59-AFb-46.txt
1,S06-VT-642.txt
1,S30-VT-341.txt
0,S69-SR-91.txt
1,S40-VT-43.txt
1,S56-VT-506.txt
1,S06-VT-674.txt
0,S69-SR-165.txt
0,S60-SR-61.txt
0,S46-SR-410.txt
1,S35-VT-476.txt
0,S10-SR-15.txt
1,S80-VFb-245.txt
0,S62-SR-321.txt
0,S35-SR-636.txt
1,S25-VT-358.txt
1,S06-VT-349.txt
1,S26-VT-748.txt
0,S81-VPD-63.txt
1,S56-VT-685.txt
0,S23-SR-106.txt
0,S08-SR-22.txt
1,S79-VT-393.txt
0,S36-SR-18.txt
1,S56-VT-624.txt
0,S88-SR-52.txt
0,S20-SR-741.txt
1,S79-VT-746.txt
0,S28-SR-44.txt
1,S73-VT-223.txt
1,S86-VT-424.txt
0,S59-AFb-89.txt
0,S24-SR-106.txt
1,S46-VT-315.txt
0,S35-SR-632.txt
1,S56-VT-645.txt
1,S94-VT-364.txt
0,S77-SR-278.txt
0,S34-SR-4.txt
0,S46-SR-414.txt
0,S05-SR-167.txt
0,S62-SR-336.txt
0,S20-SR-694.txt
0,S34-SR-126.txt
0,S36-SR-68.txt
1,S71-VT-90.txt
1,S73-VT-394.txt
0,S34-SR-3.txt
0,S35-SR-554.txt
1,S20-VT-249.txt
0,S20-SR-875.txt
1,S88-VT-346.txt
1,S56-VT-441.txt
0,S80-SR-40.txt
0,S32-SR-50.txt
1,S77-VT-467.txt
1,S45-VFb-253.txt
0,S90-AFb-224.txt
0,S08-SR-30.txt
0,S86-SR-987.txt
0,S25-SR-44.txt
0,S43-SR-64.txt
0,S79-VPD-96.txt
0,S79-SR-642.txt
0,S74-SR-283.txt
1,S35-VFb-288.txt
0,S46-SR-76.txt
0,S80-SR-67.txt
0,S20-SR-109.txt
0,S94-SR-266.txt
0,S30-SR-100.txt
0,S26-SR-179.txt
1,S81-VT-773.txt
1,S23-VT-187.txt
1,S71-VT-323.txt
0,S49-VPD-72.txt
0,S34-SR-251.txt
1,S86-VT-511.txt
0,S62-SR-460.txt
1,S86-VT-771.txt
0,S37-SR-35.txt
0,S44-SR-35.txt
1,S35-VFb-276.txt
1,S60-VT-425.txt
0,S79-VPD-89.txt
0,S46-SR-423.txt
0,S86-SR-22.txt
0,S15-SR-624.txt
0,S32-SR-30.txt
1,S60-VT-732.txt
1,S58-VT-324.txt
1,S40-VT-42.txt
0,S86-SR-85.txt
1,S80-VFb-244.txt
0,S91-AFt-244.txt
1,S81-VT-257.txt
0,S44-SR-56.txt
1,S86-VT-417.txt
0,S05-SR-216.txt
1,S77-VT-265.txt
1,S44-VFb-354.txt
1,S81-VT-223.txt
1,S79-VT-205.txt
1,S86-VT-277.txt
1,S62-VT-218.txt
1,S77-VT-173.txt
1,S86-VT-440.txt
1,S74-VT-171.txt
1,S81-VT-194.txt
1,S04-VFt-66.txt
1,S79-VT-367.txt
1,S77-VT-409.txt
1,S65-VT-427.txt
1,S06-VT-644.txt
0,S25-SR-84.txt
1,S86-VT-210.txt
1,S62-VT-609.txt
1,S30-VT-210.txt
0,S71-SR-59.txt
0,S94-SR-410.txt
1,S30-VT-353.txt
1,S15-VT-249.txt
1,S60-VT-307.txt
0,S88-SR-141.txt
1,S88-VT-190.txt
0,S28-SR-180.txt
1,S29-VT-434.txt
0,S30-SR-55.txt
1,S29-VT-227.txt
0,S26-SR-660.txt
1,S50-VT-145.txt
1,S57-VT-78.txt
0,S85-SR-25.txt
0,S26-SR-15.txt
0,S26-SR-620.txt
0,S28-SR-495.txt
0,S20-SR-489.txt
0,S79-SR-519.txt
0,S93-SR-59.txt
1,S20-VT-1080.txt
0,S56-SVT-363.txt
1,S56-VT-450.txt
1,S20-VT-326.txt
0,S10-SR-77.txt
0,S34-SR-194.txt
0,S44-SR-187.txt
1,S73-VT-143.txt
1,S81-VT-206.txt
1,S72-VT-267.txt
1,S25-VT-418.txt
1,S63-VT-162.txt
0,S74-SR-243.txt
1,S72-VT-129.txt
1,S45-VFb-282.txt
0,S66-SR-27.txt
0,S77-SR-104.txt
1,S15-VT-309.txt
1,S77-VT-158.txt
1,S65-VT-259.txt
0,S07-AFb-36.txt
1,S80-VFb-269.txt
1,S81-VT-301.txt
0,S79-SR-575.txt
1,S73-VT-405.txt
1,S25-VT-319.txt
0,S26-SR-225.txt
1,S29-VT-216.txt
1,S40-VFb-151.txt
0,S63-AFb-50.txt
1,S25-VT-457.txt
1,S72-VT-117.txt
0,S20-SR-905.txt
1,S86-VT-491.txt
0,S44-SR-205.txt
0,S35-SR-37.txt
1,S50-VT-136.txt
1,S29-VT-152.txt
1,S57-VT-175.txt
0,S34-SR-134.txt
0,S15-SR-59.txt
0,S44-SR-238.txt
1,S06-VT-664.txt
1,S58-VT-421.txt
1,S15-VT-651.txt
1,S20-VT-1067.txt
0,S79-VPD-126.txt
1,S56-VT-675.txt
1,S64-VFb-350.txt
0,S63-AFb-56.txt
0,S17-SVT-184.txt
1,S46-VT-160.txt
0,S49-SR-182.txt
0,S44-SR-64.txt
1,S93-VT-151.txt
0,S15-SR-603.txt
0,S94-SR-223.txt
0,S37-SVT-146.txt
0,S04-SR-257.txt
0,S60-SR-65.txt
1,S77-VT-169.txt
1,S86-VT-514.txt
1,S81-VT-336.txt
1,S86-VT-151.txt
1,S43-VT-136.txt
1,S86-VT-323.txt
1,S06-VT-137.txt
1,S71-VT-321.txt
1,S90-VT-163.txt
0,S26-SR-350.txt
1,S29-VT-267.txt
1,S72-VT-295.txt
0,S49-VPD-35.txt
0,S34-SR-216.txt
0,S26-SR-472.txt
0,S71-SR-238.txt
0,S05-SR-7.txt
0,S60-SR-13.txt
0,S37-SR-58.txt
0,S37-SR-97.txt
1,S73-VT-300.txt
1,S25-VT-339.txt
0,S34-SR-182.txt
0,S35-SR-690.txt
1,S06-VT-263.txt
0,S64-SR-128.txt
0,S32-SR-5.txt
0,S26-SR-82.txt
0,S36-SR-67.txt
0,S35-SR-203.txt
0,S81-VPD-45.txt
1,S30-VT-281.txt
1,S53-VFb-233.txt
1,S73-VT-324.txt
0,S36-SR-100.txt
0,S37-SR-22.txt
1,S60-VT-530.txt
1,S86-VT-956.txt
0,S06-AFt-3.txt
0,S88-SR-10.txt
0,S20-SR-533.txt
0,S88-SR-97.txt
0,S26-SR-490.txt
1,S20-VT-238.txt
0,S56-SVT-407.txt
1,S08-VT-356.txt
1,S56-VT-495.txt
1,S60-VT-661.txt
0,S34-SR-214.txt
0,S26-SR-66.txt
1,S79-VT-169.txt
1,S89-VFb-147.txt
0,S29-SR-79.txt
0,S56-SVT-348.txt
0,S77-VPD-49.txt
1,S79-VT-379.txt
0,S77-VPD-60.txt
1,S25-VT-434.txt
0,S44-SR-535.txt
1,S86-VT-607.txt
1,S64-VFb-359.txt
1,S20-VT-259.txt
0,S62-SR-1.txt
1,S30-VT-158.txt
0,S90-SR-312.txt
1,S86-VT-769.txt
0,S58-SR-140.txt
1,S32-VFb-158.txt
0,S88-SR-135.txt
0,S10-SVT-155.txt
1,S15-VT-671.txt
1,S73-VT-109.txt
1,S81-VT-210.txt
0,S73-SR-62.txt
0,S45-VPD-69.txt
1,S81-VT-762.txt
0,S26-SR-118.txt
1,S49-VT-204.txt
1,S20-VT-448.txt
1,S77-VT-420.txt
0,S95-AFb-200.txt
1,S86-VT-760.txt
1,S65-VT-475.txt
0,S29-SR-51.txt
0,S73-SR-54.txt
0,S45-VPD-90.txt
1,S86-VT-399.txt
0,S95-AFb-172.txt
0,S72-SR-273.txt
0,S20-SR-36.txt
1,S79-VT-690.txt
1,S20-VT-587.txt
0,S26-SR-33.txt
0,S69-SR-41.txt
0,S45-VPD-58.txt
1,S60-VT-600.txt
0,S28-SR-168.txt
1,S60-VT-129.txt
1,S60-VT-394.txt
1,S72-VT-291.txt
0,S35-SR-589.txt
1,S06-VT-540.txt
0,S56-SVT-355.txt
1,S81-VT-697.txt
0,S10-SR-302.txt
1,S71-VT-249.txt
1,S29-VT-318.txt
1,S72-VT-323.txt
0,S73-SR-79.txt
1,S73-VT-268.txt
1,S06-VT-186.txt
1,S72-VT-189.txt
0,S56-SR-233.txt
1,S73-VT-176.txt
1,S62-VT-561.txt
0,S56-SR-34.txt
0,S62-SR-339.txt
0,S16-SR-17.txt
1,S86-VT-1126.txt
0,S95-AFb-39.txt
1,S40-VT-16.txt
1,S79-VT-209.txt
1,S81-VT-178.txt
1,S81-VT-176.txt
0,S79-SR-634.txt
0,S28-SVT-274.txt
0,S69-SR-60.txt
0,S20-SR-1001.txt
0,S36-SR-162.txt
0,S44-SR-485.txt
0,S26-SR-475.txt
1,S81-VT-696.txt
1,S72-VT-152.txt
0,S20-SR-520.txt
1,S15-VT-901.txt
0,S91-AFt-144.txt
0,S35-SR-510.txt
1,S60-VT-606.txt
1,S35-VT-804.txt
1,S60-VT-135.txt
0,S31-SR-137.txt
1,S65-VT-300.txt
0,S49-SR-119.txt
1,S20-VT-610.txt
1,S60-VT-169.txt
0,S73-SR-32.txt
0,S35-SR-533.txt
1,S63-VT-191.txt
0,S79-SR-605.txt
1,S29-VT-432.txt
0,S25-SR-99.txt
0,S35-SR-12.txt
1,S65-VT-139.txt
0,S64-SR-62.txt
1,S74-VT-91.txt
1,S50-VT-81.txt
1,S86-VT-225.txt
0,S94-SR-133.txt
0,S94-SR-494.txt
1,S65-VT-459.txt
0,S15-SR-61.txt
0,S28-SR-179.txt
0,S79-SR-651.txt
0,S81-VPD-75.txt
1,S62-VT-610.txt
1,S06-VT-274.txt
0,S15-SR-777.txt
0,S35-SR-17.txt
0,S34-SR-193.txt
0,S88-SR-107.txt
1,S23-VT-166.txt
0,S07-SR-296.txt
1,S60-VT-710.txt
1,S56-VT-540.txt
1,S58-VT-228.txt
0,S10-SR-142.txt
0,S44-SR-533.txt
0,S71-SR-44.txt
0,S35-SR-674.txt
0,S86-SR-1011.txt
0,S74-SR-250.txt
1,S04-VFt-97.txt
1,S57-VT-102.txt
1,S79-VT-256.txt
0,S64-SR-89.txt
0,S05-SR-137.txt
0,S64-SR-58.txt
0,S35-SR-153.txt
1,S73-VT-304.txt
1,S62-VT-171.txt
0,S26-SR-589.txt
0,S62-SR-111.txt
0,S94-SR-93.txt
1,S06-VT-617.txt
0,S25-SR-124.txt
1,S29-VT-306.txt
0,S88-SR-72.txt
1,S94-VT-365.txt
1,S93-VT-193.txt
0,S24-SR-3.txt
0,S28-SR-23.txt
0,S36-SR-128.txt
0,S89-SR-29.txt
1,S60-VT-328.txt
0,S40-AFb-207.txt
1,S29-VT-250.txt
1,S64-VFb-301.txt
0,S34-SR-67.txt
1,S86-VT-568.txt
1,S56-VT-487.txt
1,S49-VT-125.txt
1,S20-VT-1144.txt
1,S79-VT-241.txt
0,S90-VPD-125.txt
0,S88-SR-43.txt
0,S56-SR-55.txt
0,S07-SR-309.txt
0,S95-AFb-223.txt
1,S88-VT-314.txt
0,S20-SR-859.txt
0,S93-SR-49.txt
1,S86-VT-177.txt
0,S07-SR-255.txt
0,S95-AFb-243.txt
0,S06-AFt-58.txt
1,S71-VT-221.txt
0,S94-SR-49.txt
1,S79-VT-409.txt
1,S32-VFb-173.txt
1,S71-VT-136.txt
1,S53-VFb-251.txt
0,S46-SR-337.txt
0,S23-SR-97.txt
1,S20-VT-184.txt
1,S62-VT-484.txt
1,S15-VT-647.txt
1,S81-VT-756.txt
1,S29-VT-304.txt
1,S60-VT-321.txt
0,S44-SR-447.txt
0,S69-SR-139.txt
0,S77-SR-389.txt
0,S20-SR-688.txt
0,S34-SR-14.txt
0,S69-SR-30.txt
1,S16-VFb-103.txt
1,S60-VT-696.txt
1,S62-VT-368.txt
1,S29-VT-201.txt
1,S86-VT-546.txt
1,S44-VFb-346.txt
1,S93-VT-224.txt
0,S95-AFb-4.txt
1,S06-VT-480.txt
0,S44-SR-235.txt
0,S06-AFt-82.txt
0,S44-SR-218.txt
1,S26-VT-864.txt
0,S80-SR-47.txt
0,S26-SR-634.txt
0,S95-AFb-216.txt
0,S37-SR-8.txt
0,S93-SR-79.txt
1,S74-VT-143.txt
1,S15-VT-701.txt
0,S36-SVT-200.txt
0,S05-SR-4.txt
0,S32-SR-92.txt
0,S15-SR-508.txt
1,S85-VT-128.txt
1,S79-VT-723.txt
1,S45-VFb-217.txt
0,S69-SR-34.txt
1,S65-VT-291.txt
1,S81-VT-723.txt
1,S23-VT-183.txt
0,S77-VPD-41.txt
1,S49-VT-158.txt
1,S93-VT-240.txt
0,S85-SR-5.txt
0,S29-SR-29.txt
0,S81-SR-662.txt
1,S04-VFt-70.txt
0,S88-SR-134.txt
0,S49-VPD-84.txt
0,S49-SR-183.txt
0,S49-VPD-43.txt
0,S72-SR-69.txt
1,S06-VT-448.txt
1,S60-VT-623.txt
0,S07-SR-267.txt
1,S29-VT-174.txt
0,S15-SR-827.txt
1,S60-VT-125.txt
1,S46-VT-555.txt
1,S80-VFb-253.txt
1,S65-VT-396.txt
1,S24-VT-183.txt
1,S50-VT-40.txt
1,S88-VT-165.txt
0,S94-SR-206.txt
0,S80-SR-133.txt
0,S35-SR-551.txt
1,S66-VT-128.txt
1,S20-VT-1055.txt
0,S79-SR-650.txt
0,S71-SR-68.txt
1,S79-VT-699.txt
0,S35-SR-207.txt
0,S69-SR-188.txt
0,S29-SR-128.txt
0,S81-VPD-125.txt
0,S56-SVT-399.txt
1,S71-VT-131.txt
0,S90-SR-325.txt
0,S74-SR-203.txt
0,S10-SR-247.txt
0,S29-SR-82.txt
0,S26-SR-444.txt
0,S91-AFt-296.txt
0,S10-SVT-174.txt
0,S20-SR-49.txt
0,S53-SR-40.txt
1,S79-VT-189.txt
1,S94-VFb-522.txt
1,S95-VT-114.txt
1,S20-VT-160.txt
1,S08-VT-208.txt
0,S88-SR-118.txt
1,S40-VT-28.txt
0,S26-SR-296.txt
0,S26-SR-123.txt
1,S26-VT-678.txt
0,S26-SR-658.txt
0,S05-SR-105.txt
0,S37-SR-86.txt
1,S24-VT-215.txt
1,S79-VT-287.txt
0,S43-SR-33.txt
1,S80-VT-23.txt
1,S93-VT-273.txt
1,S29-VT-314.txt
0,S30-SR-49.txt
1,S58-VT-326.txt
1,S60-VT-652.txt
0,S90-AFb-227.txt
1,S65-VT-103.txt
0,S64-SR-2.txt
0,S10-SR-446.txt
0,S26-SR-666.txt
0,S20-SR-1028.txt
1,S44-VFb-255.txt
1,S29-VT-184.txt
1,S35-VT-416.txt
1,S73-VT-316.txt
1,S20-VT-435.txt
0,S64-SR-289.txt
0,S05-SR-42.txt
0,S74-SR-265.txt
1,S94-VT-352.txt
1,S94-VFb-500.txt
0,S26-SR-510.txt
0,S88-SR-11.txt
1,S49-VT-153.txt
0,S91-SR-77.txt
1,S08-VT-191.txt
1,S60-VT-705.txt
1,S20-VT-440.txt
0,S07-SR-230.txt
0,S56-SVT-397.txt
0,S32-SR-29.txt
0,S28-SR-466.txt
1,S81-VT-239.txt
0,S10-SR-243.txt
1,S25-VT-445.txt
1,S43-VT-167.txt
0,S20-SR-52.txt
1,S06-VT-551.txt
1,S86-VT-747.txt
0,S32-SR-95.txt
0,S86-SR-82.txt
0,S43-SR-69.txt
1,S15-VT-428.txt
1,S81-VT-212.txt
1,S73-VT-120.txt
0,S26-SR-521.txt
1,S29-VT-376.txt
0,S37-SR-68.txt
0,S94-SR-66.txt
1,S60-VT-491.txt
1,S86-VT-765.txt
0,S62-SR-92.txt
0,S26-SR-67.txt
0,S31-SR-21.txt
1,S25-VT-276.txt
1,S95-VT-107.txt
1,S62-VT-122.txt
0,S58-SR-122.txt
0,S94-SR-100.txt
0,S44-SR-12.txt
0,S15-SR-176.txt
0,S63-AFb-88.txt
0,S35-SR-588.txt
0,S28-SR-448.txt
0,S28-SVT-355.txt
1,S53-VFb-192.txt
1,S86-VT-580.txt
1,S65-VT-166.txt
0,S89-SR-46.txt
0,S95-AFb-190.txt
0,S77-VPD-63.txt
1,S80-VT-29.txt
0,S20-SR-544.txt
0,S30-SR-10.txt
0,S20-SR-56.txt
1,S15-VT-664.txt
1,S29-VT-321.txt
1,S20-VT-1043.txt
1,S62-VT-262.txt
0,S94-SR-116.txt
1,S49-VT-213.txt
1,S56-VT-560.txt
0,S26-SR-165.txt
0,S05-SR-74.txt
0,S56-SVT-101.txt
0,S60-SR-16.txt
1,S86-VT-705.txt
0,S89-SR-96.txt
1,S79-VT-679.txt
0,S46-SR-183.txt
0,S30-SR-15.txt
1,S46-VT-533.txt
1,S74-VT-354.txt
0,S65-SR-1.txt
1,S06-VT-226.txt
0,S35-SR-169.txt
0,S64-SR-25.txt
1,S93-VT-235.txt
1,S86-VT-476.txt
1,S25-VT-424.txt
1,S88-VT-237.txt
1,S06-VT-503.txt
0,S26-SR-111.txt
1,S06-VT-559.txt
0,S91-AFt-269.txt
0,S20-SR-927.txt
0,S35-SR-763.txt
1,S06-VT-668.txt
0,S79-SR-598.txt
1,S62-VT-548.txt
1,S04-VFt-168.txt
0,S23-SR-113.txt
0,S17-SVT-111.txt
0,S79-SR-522.txt
1,S86-VT-944.txt
0,S15-SR-25.txt
0,S59-AFb-105.txt
0,S20-SR-922.txt
1,S20-VT-303.txt
1,S35-VT-400.txt
0,S32-SR-106.txt
0,S28-SVT-382.txt
1,S86-VT-641.txt
0,S63-AFb-100.txt
1,S88-VT-248.txt
0,S32-SR-107.txt
1,S20-VT-659.txt
0,S90-AFb-249.txt
0,S95-AFb-193.txt
1,S08-VT-337.txt
1,S35-VFb-295.txt
0,S73-SR-22.txt
1,S85-VT-76.txt
0,S34-SR-88.txt
0,S93-SR-57.txt
1,S15-VT-467.txt
1,S86-VT-448.txt
0,S25-SR-161.txt
1,S26-VT-856.txt
0,S23-SR-124.txt
0,S35-SR-757.txt
0,S94-SR-475.txt
1,S44-VFb-405.txt
1,S74-VT-139.txt
1,S49-VT-146.txt
0,S32-SR-94.txt
1,S25-VT-357.txt
0,S65-SR-29.txt
1,S71-VT-208.txt
1,S07-VT-204.txt
0,S20-SR-883.txt
1,S86-VT-133.txt
1,S35-VT-375.txt
0,S50-SR-18.txt
0,S62-SR-445.txt
1,S86-VT-354.txt
0,S94-SR-476.txt
0,S44-SR-185.txt
0,S64-SR-195.txt
1,S64-VFb-426.txt
0,S62-SR-59.txt
1,S94-VFb-499.txt
1,S77-VT-400.txt
1,S79-VT-179.txt
0,S77-SR-373.txt
1,S79-VT-267.txt
1,S26-VT-797.txt
0,S15-SR-847.txt
1,S46-VT-162.txt
0,S46-SR-108.txt
1,S79-VT-477.txt
1,S45-VFb-281.txt
1,S25-VT-257.txt
1,S46-VT-274.txt
1,S60-VT-609.txt
0,S90-AFb-188.txt
1,S04-VFt-128.txt
1,S71-VT-188.txt
1,S60-VT-182.txt
1,S74-VT-320.txt
0,S28-SR-247.txt
1,S86-VT-1122.txt
1,S07-VT-185.txt
1,S29-VT-296.txt
0,S59-AFb-139.txt
1,S81-VT-516.txt
0,S72-SR-38.txt
0,S17-SVT-187.txt
0,S93-SR-107.txt
0,S15-SR-789.txt
1,S26-VT-883.txt
1,S62-VT-551.txt
0,S59-AFb-94.txt
0,S37-SVT-238.txt
1,S60-VT-738.txt
0,S69-SR-75.txt
0,S58-SR-74.txt
1,S20-VT-149.txt
1,S62-VT-503.txt
0,S77-SR-387.txt
1,S74-VT-135.txt
1,S25-VT-207.txt
0,S59-AFb-62.txt
1,S73-VT-150.txt
1,S88-VT-301.txt
0,S53-SR-112.txt
0,S95-AFb-250.txt
1,S44-VFb-297.txt
1,S15-VT-861.txt
0,S35-SR-150.txt
0,S71-SR-54.txt
0,S31-SR-127.txt
1,S20-VT-430.txt
1,S50-VT-299.txt
1,S57-VT-50.txt
0,S34-SR-100.txt
1,S65-VT-418.txt
0,S29-SR-106.txt
1,S06-VT-308.txt
1,S35-VT-462.txt
1,S20-VT-369.txt
0,S20-SR-72.txt
1,S40-VT-131.txt
0,S88-SR-66.txt
0,S35-SR-18.txt
1,S29-VT-436.txt
0,S36-SR-8.txt
1,S86-VT-909.txt
1,S81-VT-587.txt
0,S35-SR-499.txt
1,S35-VT-438.txt
0,S59-AFb-92.txt
0,S81-VPD-124.txt
0,S94-SR-195.txt
1,S73-VT-149.txt
1,S62-VT-134.txt
0,S91-SR-12.txt
0,S56-SVT-131.txt
1,S35-VT-799.txt
1,S15-VT-324.txt
1,S64-VFb-415.txt
1,S57-VT-106.txt
1,S26-VT-846.txt
0,S89-SR-92.txt
0,S35-SR-8.txt
1,S29-VT-265.txt
1,S15-VT-936.txt
1,S56-VT-608.txt
1,S73-VT-229.txt
1,S77-VT-164.txt
0,S29-SR-7.txt
1,S04-VFt-72.txt
1,S06-VT-456.txt
0,S91-AFt-121.txt
0,S95-AFb-19.txt
1,S25-VT-404.txt
1,S93-VT-150.txt
1,S65-VT-179.txt
0,S89-SR-52.txt
1,S60-VT-641.txt
1,S15-VT-341.txt
1,S56-VT-532.txt
0,S56-SR-39.txt
0,S10-SR-110.txt
0,S85-SR-19.txt
1,S50-VT-51.txt
0,S74-SR-235.txt
1,S44-VFb-286.txt
1,S15-VT-742.txt
1,S46-VT-216.txt
0,S56-SVT-289.txt
0,S79-VPD-71.txt
0,S26-SR-449.txt
1,S79-VT-299.txt
1,S81-VT-716.txt
1,S81-VT-747.txt
0,S15-SR-575.txt
0,S66-SR-99.txt
0,S90-AFb-199.txt
0,S16-SR-37.txt
0,S31-SR-167.txt
0,S17-SR-4.txt
0,S26-SR-14.txt
1,S20-VT-422.txt
1,S79-VT-317.txt
1,S57-VT-155.txt
0,S31-SR-106.txt
1,S29-VT-164.txt
0,S28-SVT-344.txt
1,S74-VT-334.txt
0,S24-SR-16.txt
1,S80-VFb-229.txt
0,S06-AFt-33.txt
0,S65-SR-59.txt
1,S35-VFb-312.txt
0,S58-SR-13.txt
1,S40-VFb-159.txt
0,S13-SR-14.txt
0,S45-VPD-106.txt
0,S94-SR-169.txt
1,S57-VT-30.txt
0,S81-SR-675.txt
0,S15-SR-3.txt
0,S81-VPD-22.txt
0,S58-SR-70.txt
1,S72-VT-156.txt
0,S10-SR-25.txt
1,S20-VT-311.txt
1,S65-VT-154.txt
0,S95-AFb-234.txt
1,S35-VT-906.txt
0,S25-SR-133.txt
1,S20-VT-175.txt
1,S35-VT-839.txt
0,S77-SR-390.txt
0,S26-SR-567.txt
0,S26-SR-251.txt
1,S74-VT-66.txt
1,S04-VFt-102.txt
1,S60-VT-217.txt
1,S06-VT-157.txt
1,S46-VT-303.txt
0,S29-SR-43.txt
0,S30-SR-76.txt
1,S50-VT-308.txt
0,S34-SR-178.txt
1,S81-VT-183.txt
1,S44-VFb-277.txt
0,S07-AFb-111.txt
0,S20-SR-531.txt
1,S60-VT-178.txt
0,S66-SR-13.txt
1,S86-VT-609.txt
0,S15-SR-53.txt
0,S26-SR-86.txt
0,S08-SR-75.txt
1,S81-VT-735.txt
1,S43-VT-118.txt
1,S26-VT-860.txt
0,S20-SR-977.txt
1,S40-VT-137.txt
0,S58-SR-50.txt
0,S91-AFt-286.txt
1,S20-VT-613.txt
0,S35-SR-691.txt
1,S93-VT-244.txt
1,S88-VT-328.txt
1,S58-VT-270.txt
0,S86-SR-1086.txt
0,S44-SR-217.txt
0,S20-SR-720.txt
1,S35-VFb-237.txt
1,S20-VT-252.txt
1,S15-VT-745.txt
0,S63-AFb-102.txt
0,S28-SR-146.txt
0,S56-SVT-95.txt
1,S15-VT-392.txt
0,S94-SR-289.txt
1,S64-VFb-420.txt
0,S26-SR-228.txt
1,S26-VT-700.txt
1,S62-VT-587.txt
0,S46-SR-116.txt
1,S79-VT-750.txt
0,S44-SR-509.txt
0,S37-SR-4.txt
1,S24-VT-237.txt
1,S88-VT-179.txt
1,S20-VT-426.txt
1,S06-VT-451.txt
0,S16-SR-35.txt
1,S77-VT-462.txt
0,S94-SR-208.txt
0,S36-SR-102.txt
1,S29-VT-178.txt
0,S64-SR-107.txt
0,S59-AFb-70.txt
0,S44-SR-115.txt
1,S86-VT-815.txt
1,S20-VT-343.txt
0,S94-SR-452.txt
0,S20-SR-1032.txt
1,S57-VT-76.txt
0,S15-SR-838.txt
1,S45-VFb-297.txt
1,S74-VT-367.txt
0,S58-SR-63.txt
1,S71-VT-146.txt
0,S05-SR-17.txt
0,S77-SR-121.txt
0,S20-SR-763.txt
1,S04-VFt-71.txt
1,S72-VT-233.txt
0,S44-SR-170.txt
0,S45-VPD-132.txt
1,S20-VT-551.txt
1,S94-VT-353.txt
1,S62-VT-352.txt
0,S95-AFb-256.txt
1,S20-VT-597.txt
0,S91-SR-22.txt
0,S23-SR-89.txt
0,S28-SR-37.txt
1,S72-VT-163.txt
1,S71-VT-334.txt
1,S86-VT-757.txt
0,S69-SR-135.txt
0,S37-SVT-236.txt
0,S26-SR-5.txt
0,S10-SR-427.txt
0,S15-SR-598.txt
0,S15-SR-76.txt
1,S86-VT-127.txt
1,S29-VT-430.txt
1,S23-VT-203.txt
1,S73-VT-299.txt
0,S46-SR-47.txt
1,S81-VT-567.txt
0,S31-SR-20.txt
0,S56-SR-251.txt
1,S86-VT-200.txt
1,S86-VT-168.txt
1,S57-VT-91.txt
0,S15-SR-580.txt
1,S72-VT-321.txt
0,S30-SR-183.txt
0,S06-AFt-57.txt
0,S31-SR-79.txt
1,S20-VT-438.txt
0,S28-SR-133.txt
0,S08-SR-10.txt
1,S15-VT-206.txt
1,S25-VT-385.txt
0,S93-SR-77.txt
0,S46-SR-492.txt
1,S58-VT-194.txt
0,S20-SR-892.txt
0,S34-SR-160.txt
1,S62-VT-550.txt
1,S93-VT-213.txt
0,S72-SR-75.txt
0,S56-SVT-138.txt
0,S60-SR-96.txt
1,S26-VT-755.txt
1,S15-VT-920.txt
0,S15-SR-140.txt
0,S15-SR-530.txt
0,S77-VPD-13.txt
1,S94-VFb-510.txt
0,S72-SR-88.txt
1,S04-VFt-166.txt
0,S49-SR-114.txt
0,S44-SR-507.txt
1,S72-VT-216.txt
0,S30-SR-84.txt
0,S26-SR-12.txt
1,S60-VT-255.txt
0,S90-AFb-288.txt
0,S79-VPD-56.txt
1,S74-VT-356.txt
0,S89-SR-42.txt
0,S46-SR-425.txt
0,S15-SR-152.txt
1,S29-VT-400.txt
0,S95-AFb-5.txt
0,S64-SR-98.txt
0,S26-SR-631.txt
0,S93-SR-131.txt
0,S94-SR-459.txt
0,S26-SR-238.txt
0,S93-SR-117.txt
0,S64-SR-93.txt
1,S25-VT-387.txt
1,S62-VT-181.txt
1,S58-VT-337.txt
1,S53-VFb-163.txt
0,S44-SR-528.txt
0,S15-SR-581.txt
1,S26-VT-683.txt
1,S57-VT-80.txt
0,S28-SR-42.txt
0,S23-SR-43.txt
0,S26-SR-558.txt
0,S10-SR-137.txt
0,S24-SR-77.txt
0,S72-SR-24.txt
0,S15-SR-491.txt
1,S57-VT-46.txt
0,S15-SR-546.txt
1,S15-VT-880.txt
1,S15-VT-258.txt
0,S90-VPD-90.txt
1,S50-VT-230.txt
0,S26-SR-102.txt
0,S10-SR-336.txt
0,S59-AFb-81.txt
1,S74-VT-173.txt
1,S95-VT-281.txt
0,S20-SR-987.txt
0,S26-SR-125.txt
0,S59-AFb-74.txt
0,S20-SR-508.txt
0,S24-SR-72.txt
0,S20-SR-868.txt
0,S35-SR-210.txt
1,S77-VT-159.txt
1,S20-VT-393.txt
0,S32-SR-127.txt
0,S26-SR-535.txt
0,S81-VPD-113.txt
1,S80-VFb-220.txt
1,S46-VT-554.txt
1,S74-VT-117.txt
1,S80-VFb-274.txt
1,S57-VT-54.txt
0,S26-SR-353.txt
1,S71-VT-244.txt
0,S06-AFt-95.txt
1,S20-VT-461.txt
1,S06-VT-569.txt
1,S06-VT-327.txt
0,S28-SR-411.txt
0,S46-SR-257.txt
1,S46-VT-527.txt
0,S94-SR-63.txt
0,S06-AFt-21.txt
0,S56-SR-207.txt
1,S74-VT-324.txt
1,S65-VT-104.txt
0,S66-SR-16.txt
0,S26-SR-148.txt
0,S59-AFb-108.txt
1,S86-VT-1134.txt
0,S91-AFt-149.txt
0,S34-SR-161.txt
1,S81-VT-462.txt
1,S57-VT-71.txt
1,S62-VT-197.txt
1,S60-VT-611.txt
0,S64-SR-278.txt
0,S04-SR-191.txt
0,S05-SR-23.txt
0,S72-SR-11.txt
0,S28-SR-237.txt
0,S17-SR-48.txt
0,S35-SR-768.txt
0,S72-SR-68.txt
0,S20-SR-845.txt
0,S69-SR-160.txt
1,S06-VT-332.txt
0,S17-SVT-137.txt
0,S28-SVT-287.txt
1,S65-VT-401.txt
0,S36-SR-72.txt
1,S86-VT-1148.txt
0,S94-SR-454.txt
0,S17-SVT-217.txt
0,S24-SR-25.txt
0,S26-SR-159.txt
1,S43-VT-182.txt
0,S17-SR-82.txt
1,S24-VT-240.txt
0,S35-SR-9.txt
0,S26-SR-222.txt
0,S94-SR-230.txt
0,S10-SVT-192.txt
0,S32-SR-26.txt
1,S79-VT-199.txt
1,S80-VFb-217.txt
0,S49-VPD-64.txt
1,S62-VT-404.txt
1,S40-VT-134.txt
0,S81-SR-654.txt
0,S29-SR-47.txt
0,S45-VPD-48.txt
1,S58-VT-167.txt
1,S57-VT-96.txt
0,S24-SR-82.txt
0,S36-SVT-219.txt
1,S73-VT-284.txt
1,S77-VT-245.txt
1,S15-VT-725.txt
0,S56-SVT-392.txt
1,S30-VT-360.txt
0,S79-VPD-6.txt
0,S26-SR-504.txt
1,S60-VT-309.txt
1,S58-VT-182.txt
1,S65-VT-448.txt
0,S49-SR-188.txt
0,S17-SR-97.txt
0,S06-AFt-107.txt
1,S26-VT-687.txt
1,S15-VT-882.txt
1,S30-VT-244.txt
0,S15-SR-147.txt
1,S46-VT-586.txt
1,S20-VT-360.txt
0,S63-AFb-33.txt
1,S25-VT-515.txt
1,S15-VT-344.txt
1,S94-VT-388.txt
1,S79-VT-200.txt
1,S35-VFb-300.txt
0,S91-AFt-188.txt
1,S56-VT-536.txt
1,S20-VT-275.txt
0,S93-SR-26.txt
1,S08-VT-281.txt
1,S58-VT-371.txt
0,S95-AFb-235.txt
1,S57-VT-273.txt
1,S15-VT-348.txt
1,S20-VT-281.txt
0,S31-SR-38.txt
1,S80-VFb-216.txt
1,S46-VT-542.txt
1,S64-VFb-293.txt
0,S10-SR-127.txt
1,S15-VT-457.txt
0,S10-SR-319.txt
0,S56-SVT-317.txt
1,S64-VFb-264.txt
0,S80-SR-11.txt
0,S64-SR-139.txt
1,S26-VT-794.txt
1,S88-VT-320.txt
0,S07-AFb-35.txt
0,S16-SR-48.txt
1,S65-VT-227.txt
1,S77-VT-395.txt
0,S35-SR-572.txt
0,S56-SR-216.txt
0,S74-SR-28.txt
0,S15-SR-528.txt
0,S93-SR-115.txt
1,S30-VT-208.txt
1,S60-VT-320.txt
1,S20-VT-1087.txt
0,S46-SR-398.txt
0,S35-SR-171.txt
0,S79-VPD-120.txt
0,S31-AFt-185.txt
0,S49-VPD-62.txt
1,S53-VFb-178.txt
0,S20-SR-758.txt
1,S06-VT-380.txt
0,S49-VPD-69.txt
1,S74-VT-120.txt
0,S79-VPD-5.txt
1,S08-VT-314.txt
1,S56-VT-587.txt
0,S28-SR-197.txt
1,S15-VT-204.txt
1,S93-VT-173.txt
1,S06-VT-495.txt
0,S15-SR-834.txt
1,S77-VT-394.txt
0,S59-AFb-87.txt
1,S65-VT-433.txt
1,S79-VT-353.txt
0,S53-SR-117.txt
0,S69-SR-162.txt
1,S25-VT-462.txt
1,S50-VT-89.txt
1,S56-VT-657.txt
0,S15-SR-34.txt
1,S04-VFt-34.txt
1,S62-VT-423.txt
1,S86-VT-842.txt
0,S28-SVT-350.txt
0,S62-SR-50.txt
0,S35-SR-184.txt
1,S65-VT-352.txt
0,S64-SR-39.txt
1,S65-VT-346.txt
1,S23-VT-155.txt
0,S94-SR-426.txt
1,S77-VT-191.txt
1,S60-VT-153.txt
1,S86-VT-252.txt
0,S37-SVT-262.txt
0,S64-SR-119.txt
1,S86-VT-931.txt
0,S10-SR-421.txt
0,S26-SR-668.txt
0,S53-SR-44.txt
0,S28-SR-463.txt
0,S30-SR-96.txt
0,S26-SR-456.txt
1,S86-VT-286.txt
1,S60-VT-576.txt
1,S79-VT-301.txt
1,S81-VT-254.txt
0,S77-VPD-56.txt
0,S35-SR-61.txt
1,S20-VT-236.txt
0,S77-SR-381.txt
0,S94-SR-226.txt
0,S91-SR-14.txt
0,S94-SR-178.txt
0,S79-SR-615.txt
1,S81-VT-729.txt
0,S80-SR-63.txt
1,S04-VFt-155.txt
0,S24-SR-100.txt
1,S25-VT-505.txt
0,S90-AFb-200.txt
0,S59-AFb-18.txt
0,S86-SR-1039.txt
0,S16-SR-99.txt
0,S26-SR-557.txt
0,S35-SR-502.txt
1,S79-VT-683.txt
0,S94-SR-321.txt
1,S15-VT-442.txt
0,S20-SR-137.txt
1,S86-VT-518.txt
1,S40-VT-85.txt
1,S86-VT-871.txt
1,S57-VT-159.txt
1,S81-VT-547.txt
1,S45-VFb-300.txt
0,S85-SR-35.txt
1,S06-VT-558.txt
0,S20-SR-121.txt
1,S58-VT-368.txt
0,S94-SR-152.txt
1,S86-VT-289.txt
1,S06-VT-576.txt
0,S46-SR-353.txt
1,S15-VT-911.txt
0,S64-SR-287.txt
0,S77-SR-331.txt
1,S35-VT-802.txt
0,S35-SR-232.txt
1,S53-VFb-161.txt
0,S63-AFb-35.txt
1,S86-VT-687.txt
0,S69-SR-217.txt
0,S49-SR-178.txt
1,S50-VT-97.txt
0,S94-SR-134.txt
0,S43-SR-29.txt
0,S35-SR-135.txt
0,S26-SR-275.txt
0,S20-SR-103.txt
1,S60-VT-322.txt
0,S23-SR-8.txt
0,S45-VPD-31.txt
0,S34-SR-110.txt
1,S35-VT-378.txt
0,S71-SR-28.txt
1,S24-VT-158.txt
1,S86-VT-251.txt
1,S62-VT-410.txt
0,S10-SVT-151.txt
1,S56-VT-609.txt
1,S20-VT-148.txt
0,S20-SR-811.txt
1,S63-VT-155.txt
1,S25-VT-337.txt
1,S86-VT-725.txt
0,S31-SR-165.txt
1,S35-VFb-286.txt
0,S05-SR-111.txt
1,S81-VT-733.txt
0,S24-SR-136.txt
0,S36-SVT-210.txt
0,S20-SR-730.txt
1,S81-VT-746.txt
0,S06-AFt-25.txt
0,S77-VPD-11.txt
1,S93-VT-164.txt
1,S35-VT-908.txt
0,S80-SR-141.txt
1,S60-VT-520.txt
0,S94-SR-2.txt
1,S35-VT-895.txt
1,S81-VT-418.txt
0,S80-SR-14.txt
0,S35-SR-143.txt
1,S20-VT-296.txt
0,S46-SR-474.txt
0,S95-AFb-50.txt
0,S94-SR-18.txt
0,S64-SR-118.txt
1,S85-VT-94.txt
1,S26-VT-669.txt
0,S28-SR-30.txt
0,S46-SR-433.txt
1,S53-VFb-141.txt
1,S86-VT-362.txt
1,S72-VT-186.txt
1,S46-VT-205.txt
1,S57-VT-193.txt
1,S64-VFb-248.txt
0,S59-AFb-48.txt
0,S43-SR-4.txt
1,S88-VT-219.txt
1,S93-VT-270.txt
0,S79-SR-633.txt
0,S37-SR-13.txt
1,S56-VT-478.txt
0,S26-SR-288.txt
1,S62-VT-615.txt
0,S26-SR-281.txt
1,S20-VT-1062.txt
1,S79-VT-373.txt
1,S73-VT-420.txt
1,S57-VT-179.txt
0,S15-SR-494.txt
0,S50-SR-32.txt
0,S91-SR-27.txt
0,S08-SR-93.txt
1,S20-VT-630.txt
1,S06-VT-153.txt
0,S07-SR-288.txt
0,S77-VPD-47.txt
1,S71-VT-110.txt
0,S05-SR-138.txt
1,S60-VT-401.txt
0,S74-SR-259.txt
1,S81-VT-693.txt
1,S93-VT-177.txt
0,S50-SR-21.txt
1,S15-VT-683.txt
1,S23-VT-178.txt
0,S20-SR-108.txt
1,S79-VT-728.txt
0,S56-SVT-352.txt
1,S15-VT-700.txt
0,S44-SR-157.txt
1,S71-VT-213.txt
0,S62-SR-13.txt
1,S81-VT-154.txt
0,S45-VPD-27.txt
0,S28-SR-40.txt
0,S44-SR-476.txt
1,S62-VT-202.txt
1,S30-VT-349.txt
1,S06-VT-232.txt
1,S73-VT-155.txt
0,S88-SR-111.txt
0,S81-VPD-25.txt
0,S65-SR-86.txt
1,S07-VT-200.txt
0,S90-VPD-119.txt
1,S63-VT-185.txt
1,S85-VT-65.txt
1,S06-VT-589.txt
0,S26-SR-199.txt
0,S34-SR-143.txt
1,S62-VT-441.txt
1,S20-VT-372.txt
0,S79-SR-646.txt
1,S72-VT-177.txt
1,S72-VT-351.txt
0,S53-SR-3.txt
1,S07-VT-150.txt
1,S60-VT-205.txt
0,S44-SR-232.txt
1,S71-VT-180.txt
0,S93-SR-93.txt
0,S56-SVT-376.txt
1,S29-VT-222.txt
0,S59-AFb-126.txt
1,S20-VT-251.txt
0,S69-SR-186.txt
1,S57-VT-47.txt
1,S81-VT-284.txt
1,S35-VT-481.txt
1,S65-VT-327.txt
1,S86-VT-592.txt
1,S57-VT-82.txt
0,S56-SR-230.txt
0,S16-SR-20.txt
1,S06-VT-350.txt
1,S64-VFb-321.txt
0,S74-SR-267.txt
0,S35-SR-215.txt
0,S37-SR-26.txt
1,S93-VT-162.txt
1,S81-VT-271.txt
0,S20-SR-997.txt
1,S40-VT-124.txt
0,S53-SR-57.txt
0,S10-SR-450.txt
1,S26-VT-770.txt
0,S35-SR-625.txt
1,S65-VT-210.txt
1,S57-VT-162.txt
0,S45-VPD-2.txt
0,S10-SR-66.txt
0,S26-SR-346.txt
0,S95-AFb-192.txt
1,S77-VT-423.txt
1,S60-VT-702.txt
1,S64-VFb-425.txt
0,S88-SR-7.txt
0,S86-SR-65.txt
0,S31-SR-118.txt
0,S91-AFt-215.txt
1,S06-VT-241.txt
1,S06-VT-363.txt
0,S26-SR-133.txt
1,S77-VT-166.txt
0,S08-SR-17.txt
1,S62-VT-270.txt
1,S79-VT-412.txt
0,S45-VPD-157.txt
1,S20-VT-392.txt
1,S43-VT-165.txt
1,S62-VT-497.txt
0,S45-VPD-140.txt
1,S86-VT-348.txt
1,S08-VT-200.txt
0,S49-VPD-44.txt
1,S81-VT-603.txt
1,S74-VT-189.txt
1,S74-VT-119.txt
1,S79-VT-696.txt
0,S56-SR-15.txt
0,S62-SR-316.txt
0,S62-SR-23.txt
0,S34-SR-2.txt
0,S79-VPD-3.txt
0,S46-SR-374.txt
1,S60-VT-644.txt
0,S66-SR-37.txt
0,S71-SR-26.txt
1,S20-VT-423.txt
1,S56-VT-517.txt
1,S20-VT-264.txt
0,S07-AFb-42.txt
1,S86-VT-437.txt
0,S44-SR-377.txt
0,S62-SR-300.txt
1,S26-VT-704.txt
1,S53-VFb-148.txt
1,S46-VT-301.txt
1,S20-VT-554.txt
0,S35-SR-183.txt
1,S06-VT-377.txt
1,S81-VT-185.txt
0,S45-VPD-36.txt
1,S15-VT-436.txt
0,S26-SR-164.txt
0,S95-AFb-171.txt
1,S15-VT-935.txt
0,S73-SR-83.txt
1,S46-VT-155.txt
0,S34-SR-242.txt
0,S81-VPD-118.txt
1,S77-VT-144.txt
1,S06-VT-217.txt
1,S81-VT-395.txt
1,S86-VT-689.txt
1,S79-VT-730.txt
0,S28-SR-32.txt
0,S64-SR-125.txt
1,S49-VT-157.txt
0,S34-SR-74.txt
0,S28-SVT-385.txt
0,S56-SVT-321.txt
1,S65-VT-462.txt
0,S69-SR-206.txt
0,S37-SR-28.txt
0,S36-SR-46.txt
0,S37-SVT-170.txt
1,S79-VT-672.txt
0,S31-SR-126.txt
1,S15-VT-321.txt
0,S26-SR-19.txt
1,S94-VFb-526.txt
1,S06-VT-502.txt
0,S28-SVT-380.txt
0,S95-AFb-215.txt
0,S28-SR-195.txt
1,S25-VT-438.txt
0,S65-SR-53.txt
0,S16-SR-91.txt
0,S10-SR-405.txt
1,S46-VT-597.txt
1,S20-VT-429.txt
0,S90-VPD-17.txt
0,S62-SR-291.txt
0,S17-SVT-132.txt
1,S20-VT-395.txt
0,S44-SR-250.txt
0,S89-SR-80.txt
1,S60-VT-391.txt
1,S81-VT-485.txt
1,S81-VT-686.txt
0,S28-SR-86.txt
1,S62-VT-399.txt
1,S20-VT-1129.txt
1,S79-VT-262.txt
0,S36-SR-94.txt
0,S26-SR-551.txt
1,S57-VT-254.txt
1,S79-VT-300.txt
1,S60-VT-147.txt
1,S53-VFb-225.txt
0,S20-SR-39.txt
0,S10-SR-209.txt
1,S56-VT-440.txt
0,S34-SR-68.txt
1,S15-VT-327.txt
0,S10-SR-86.txt
0,S43-SR-72.txt
1,S15-VT-228.txt
1,S15-VT-687.txt
1,S86-VT-583.txt
0,S34-SR-96.txt
1,S06-VT-492.txt
1,S46-VT-538.txt
0,S37-SR-106.txt
1,S86-VT-865.txt
0,S43-SR-39.txt
1,S35-VT-361.txt
0,S20-SR-969.txt
0,S28-SR-70.txt
1,S86-VT-726.txt
0,S79-SR-565.txt
1,S08-VT-238.txt
0,S90-VPD-81.txt
0,S49-SR-200.txt
1,S63-VT-147.txt
1,S29-VT-355.txt
0,S85-SR-46.txt
1,S79-VT-329.txt
0,S69-SR-158.txt
1,S56-VT-563.txt
0,S37-SVT-224.txt
1,S29-VT-354.txt
0,S65-SR-55.txt
0,S05-SR-72.txt
1,S79-VT-192.txt
0,S89-SR-88.txt
0,S35-SR-514.txt
1,S46-VT-279.txt
0,S10-SR-362.txt
0,S46-SR-346.txt
1,S65-VT-464.txt
1,S06-VT-230.txt
0,S10-SR-53.txt
0,S91-AFt-284.txt
0,S49-SR-184.txt
1,S15-VT-235.txt
1,S49-VT-144.txt
0,S79-VPD-128.txt
1,S15-VT-225.txt
0,S88-SR-70.txt
1,S93-VT-238.txt
1,S35-VFb-279.txt
0,S58-SR-75.txt
1,S77-VT-168.txt
1,S15-VT-444.txt
0,S24-SR-46.txt
0,S20-SR-1030.txt
1,S73-VT-209.txt
1,S06-VT-149.txt
0,S77-SR-102.txt
0,S91-AFt-229.txt
0,S35-SR-756.txt
1,S53-VFb-171.txt
1,S86-VT-539.txt
0,S46-SR-184.txt
1,S72-VT-242.txt
0,S94-SR-188.txt
0,S91-AFt-204.txt
1,S06-VT-211.txt
1,S65-VT-461.txt
0,S10-SR-63.txt
1,S86-VT-717.txt
1,S60-VT-584.txt
1,S23-VT-199.txt
0,S74-SR-58.txt
0,S71-SR-17.txt
0,S36-SR-111.txt
1,S60-VT-382.txt
0,S53-SR-8.txt
0,S37-SVT-208.txt
1,S57-VT-278.txt
1,S58-VT-332.txt
1,S60-VT-518.txt
0,S45-VPD-49.txt
1,S79-VT-471.txt
1,S46-VT-269.txt
0,S58-SR-44.txt
1,S24-VT-198.txt
0,S26-SR-468.txt
0,S91-SR-44.txt
0,S43-SR-56.txt
0,S80-SR-84.txt
1,S64-VFb-290.txt
0,S20-SR-937.txt
1,S40-VT-82.txt
0,S05-SR-37.txt
0,S17-SVT-218.txt
0,S30-SR-134.txt
0,S77-SR-120.txt
0,S90-AFb-190.txt
0,S81-VPD-38.txt
0,S66-SR-59.txt
1,S72-VT-263.txt
0,S46-SR-465.txt
0,S26-SR-446.txt
1,S62-VT-495.txt
0,S90-VPD-57.txt
1,S88-VT-265.txt
0,S07-SR-287.txt
1,S58-VT-360.txt
0,S06-AFt-51.txt
0,S77-SR-101.txt
0,S95-AFb-34.txt
1,S77-VT-156.txt
1,S60-VT-252.txt
1,S85-VT-69.txt
1,S60-VT-331.txt
1,S65-VT-190.txt
0,S90-VPD-95.txt
0,S65-SR-11.txt
1,S64-VFb-390.txt
1,S25-VT-304.txt
0,S94-SR-293.txt
0,S15-SR-17.txt
0,S71-SR-4.txt
0,S15-SR-776.txt
1,S20-VT-245.txt
0,S56-SVT-292.txt
1,S64-VFb-315.txt
1,S46-VT-212.txt
0,S07-SR-269.txt
0,S35-SR-520.txt
0,S46-SR-422.txt
1,S50-VT-149.txt
1,S20-VT-1116.txt
1,S77-VT-178.txt
0,S32-SR-19.txt
1,S77-VT-441.txt
0,S26-SR-619.txt
0,S31-SR-90.txt
1,S79-VT-435.txt
0,S79-VPD-119.txt
0,S20-SR-80.txt
0,S60-SR-25.txt
0,S25-SR-93.txt
1,S81-VT-356.txt
1,S60-VT-270.txt
1,S08-VT-267.txt
0,S10-SVT-152.txt
1,S81-VT-510.txt
1,S74-VT-155.txt
0,S59-AFb-85.txt
1,S29-VT-230.txt
0,S29-SR-83.txt
1,S62-VT-528.txt
0,S93-SR-44.txt
0,S37-SR-76.txt
0,S95-AFb-218.txt
1,S60-VT-591.txt
1,S25-VT-225.txt
0,S35-SR-775.txt
1,S65-VT-186.txt
1,S15-VT-431.txt
0,S86-SR-975.txt
1,S50-VT-320.txt
0,S30-SR-143.txt
1,S94-VT-396.txt
0,S45-VPD-63.txt
1,S49-VT-221.txt
0,S25-SR-107.txt
0,S44-SR-40.txt
0,S63-AFb-19.txt
1,S74-VT-322.txt
0,S07-SR-235.txt
0,S35-SR-714.txt
0,S45-VPD-115.txt
1,S25-VT-448.txt
0,S15-SR-293.txt
1,S29-VT-168.txt
1,S88-VT-351.txt
1,S24-VT-156.txt
0,S56-SVT-291.txt
0,S28-SVT-312.txt
1,S74-VT-177.txt
0,S36-SR-110.txt
0,S62-SR-3.txt
0,S86-SR-1075.txt
1,S72-VT-331.txt
1,S79-VT-742.txt
1,S20-VT-581.txt
1,S65-VT-426.txt
1,S50-VT-68.txt
0,S94-SR-491.txt
1,S72-VT-328.txt
0,S77-VPD-73.txt
0,S74-SR-277.txt
1,S30-VT-262.txt
0,S31-AFt-184.txt
0,S56-SVT-354.txt
1,S86-VT-186.txt
0,S35-SR-529.txt
0,S64-SR-135.txt
1,S15-VT-672.txt
1,S81-VT-400.txt
0,S15-SR-772.txt
1,S57-VT-258.txt
1,S29-VT-285.txt
1,S08-VT-299.txt
1,S24-VT-220.txt
0,S26-SR-2.txt
1,S06-VT-662.txt
0,S30-SR-176.txt
0,S77-SR-366.txt
0,S20-SR-45.txt
0,S17-SR-86.txt
0,S45-VPD-40.txt
1,S71-VT-183.txt
0,S35-SR-32.txt
1,S58-VT-308.txt
1,S65-VT-187.txt
1,S62-VT-594.txt
1,S20-VT-342.txt
1,S56-VT-665.txt
1,S77-VT-277.txt
0,S94-SR-209.txt
0,S31-AFt-175.txt
0,S20-SR-804.txt
0,S89-SR-8.txt
0,S62-SR-83.txt
1,S35-VT-388.txt
1,S30-VT-287.txt
1,S60-VT-204.txt
0,S81-VPD-93.txt
1,S08-VT-139.txt
1,S29-VT-378.txt
0,S31-SR-59.txt
0,S64-SR-133.txt
0,S20-SR-792.txt
0,S07-SR-291.txt
1,S15-VT-356.txt
1,S62-VT-391.txt
0,S26-SR-166.txt
0,S20-SR-816.txt
1,S40-VT-24.txt
1,S65-VT-288.txt
0,S28-SR-271.txt
1,S57-VT-213.txt
1,S62-VT-530.txt
1,S20-VT-389.txt
0,S46-SR-409.txt
0,S88-SR-120.txt
1,S50-VT-293.txt
1,S50-VT-275.txt
1,S64-VFb-369.txt
1,S06-VT-138.txt
1,S65-VT-392.txt
1,S73-VT-377.txt
0,S15-SR-90.txt
1,S71-VT-99.txt
1,S88-VT-275.txt
0,S77-SR-297.txt
0,S28-SR-93.txt
1,S73-VT-121.txt
1,S86-VT-774.txt
1,S73-VT-244.txt
0,S25-SR-43.txt
0,S28-SR-176.txt
0,S30-SR-139.txt
1,S06-VT-181.txt
0,S89-SR-27.txt
1,S86-VT-233.txt
0,S35-SR-626.txt
0,S64-SR-3.txt
1,S71-VT-308.txt
1,S65-VT-359.txt
1,S04-VFt-50.txt
0,S17-SVT-135.txt
1,S60-VT-290.txt
0,S44-SR-113.txt
0,S90-SR-297.txt
0,S95-AFb-225.txt
0,S60-SR-52.txt
1,S60-VT-301.txt
1,S71-VT-147.txt
0,S59-AFb-104.txt
0,S43-AFb-103.txt
0,S04-SR-179.txt
1,S23-VT-179.txt
1,S79-VT-221.txt
1,S50-VT-255.txt
1,S60-VT-296.txt
1,S81-VT-712.txt
0,S34-SR-230.txt
1,S79-VT-404.txt
1,S65-VT-110.txt
1,S08-VT-296.txt
1,S08-VT-302.txt
1,S06-VT-401.txt
1,S80-VFb-203.txt
1,S73-VT-100.txt
0,S74-SR-39.txt
1,S46-VT-500.txt
1,S06-VT-416.txt
0,S44-SR-137.txt
1,S86-VT-829.txt
0,S17-SVT-109.txt
0,S79-SR-581.txt
0,S26-SR-659.txt
1,S60-VT-133.txt
1,S20-VT-1040.txt
1,S56-VT-529.txt
0,S26-SR-223.txt
1,S25-VT-533.txt
0,S44-SR-193.txt
0,S88-SR-28.txt
0,S44-SR-177.txt
0,S28-SR-19.txt
0,S26-SR-471.txt
1,S80-VFb-201.txt
0,S79-VPD-22.txt
0,S81-SR-667.txt
1,S60-VT-473.txt
0,S26-SR-608.txt
0,S17-SVT-167.txt
0,S05-SR-218.txt
1,S06-VT-519.txt
1,S04-VFt-57.txt
1,S20-VT-602.txt
1,S50-VT-116.txt
0,S89-SR-126.txt
0,S37-SVT-227.txt
0,S64-SR-120.txt
0,S60-SR-62.txt
0,S45-VPD-89.txt
0,S05-SR-187.txt
0,S17-SVT-128.txt
1,S35-VFb-253.txt
0,S56-SVT-417.txt
1,S63-VT-125.txt
0,S28-SR-212.txt
1,S15-VT-937.txt
0,S81-SR-638.txt
0,S35-SR-179.txt
0,S44-SR-73.txt
0,S06-AFt-110.txt
0,S93-SR-104.txt
1,S40-VT-50.txt
1,S08-VT-273.txt
0,S80-SR-122.txt
1,S49-VT-255.txt
1,S79-VT-392.txt
0,S93-SR-58.txt
1,S07-VT-182.txt
0,S91-SR-60.txt
1,S30-VT-328.txt
0,S13-SR-23.txt
0,S20-SR-106.txt
0,S28-SR-10.txt
1,S60-VT-333.txt
1,S79-VT-369.txt
1,S29-VT-310.txt
0,S35-SR-655.txt
0,S04-SR-205.txt
1,S58-VT-254.txt
0,S30-SR-45.txt
0,S94-SR-32.txt
1,S86-VT-770.txt
1,S65-VT-124.txt
0,S49-VPD-31.txt
0,S72-SR-271.txt
0,S72-SR-53.txt
0,S94-SR-193.txt
1,S79-VT-734.txt
0,S79-SR-603.txt
0,S53-SR-102.txt
1,S50-VT-114.txt
1,S86-VT-351.txt
0,S35-SR-5.txt
0,S59-AFb-91.txt
0,S56-SVT-105.txt
0,S36-SR-53.txt
0,S34-SR-59.txt
0,S20-SR-733.txt
0,S95-AFb-27.txt
1,S45-VFb-238.txt
1,S20-VT-287.txt
0,S77-SR-375.txt
0,S86-SR-8.txt
1,S40-VFb-183.txt
1,S60-VT-369.txt
0,S49-SR-170.txt
1,S35-VFb-267.txt
1,S30-VT-201.txt
1,S88-VT-278.txt
1,S15-VT-399.txt
0,S10-SR-57.txt
0,S08-SR-36.txt
0,S30-SR-14.txt
1,S06-VT-204.txt
0,S26-SR-26.txt
1,S81-VT-436.txt
1,S86-VT-308.txt
0,S08-SR-85.txt
0,S89-SR-12.txt
1,S57-VT-145.txt
0,S07-SR-263.txt
0,S44-SR-176.txt
0,S74-SR-246.txt
0,S66-SR-15.txt
0,S59-AFb-1.txt
1,S30-VT-345.txt
1,S72-VT-118.txt
0,S79-SR-647.txt
0,S74-SR-237.txt
1,S04-VFt-81.txt
0,S93-SR-52.txt
1,S72-VT-264.txt
0,S44-SR-45.txt
1,S60-VT-225.txt
0,S58-SR-15.txt
1,S71-VT-76.txt
1,S32-VFb-159.txt
0,S36-SVT-212.txt
0,S20-SR-208.txt
0,S20-SR-73.txt
0,S80-SR-58.txt
0,S95-AFb-245.txt
1,S60-VT-243.txt
0,S69-SR-221.txt
1,S77-VT-219.txt
0,S30-SR-18.txt
1,S25-VT-270.txt
1,S79-VT-503.txt
0,S77-SR-335.txt
1,S86-VT-267.txt
0,S86-SR-36.txt
1,S93-VT-313.txt
0,S63-AFb-30.txt
0,S28-SR-54.txt
0,S91-SR-21.txt
1,S81-VT-204.txt
0,S32-SR-12.txt
0,S62-SR-53.txt
0,S37-SVT-258.txt
0,S69-SR-213.txt
1,S20-VT-416.txt
0,S63-AFb-6.txt
1,S25-VT-232.txt
0,S91-AFt-130.txt
1,S46-VT-515.txt
0,S65-SR-32.txt
0,S07-AFb-32.txt
0,S30-SR-142.txt
1,S74-VT-153.txt
0,S69-SR-201.txt
0,S59-AFb-125.txt
0,S32-SR-32.txt
0,S44-SR-72.txt
1,S35-VT-850.txt
0,S71-SR-235.txt
1,S15-VT-189.txt
0,S93-SR-60.txt
0,S90-SR-311.txt
0,S34-SR-208.txt
0,S44-SR-132.txt
0,S71-SR-70.txt
0,S91-AFt-191.txt
1,S15-VT-237.txt
1,S65-VT-168.txt
1,S63-VT-111.txt
0,S35-SR-177.txt
1,S53-VFb-205.txt
0,S07-AFb-16.txt
1,S90-VT-179.txt
1,S25-VT-381.txt
1,S88-VT-362.txt
0,S60-SR-18.txt
0,S56-SR-205.txt
0,S28-SR-474.txt
0,S32-SR-129.txt
0,S26-SR-393.txt
1,S60-VT-543.txt
0,S64-SR-16.txt
0,S26-SR-273.txt
1,S81-VT-434.txt
1,S15-VT-716.txt
0,S29-SR-2.txt
0,S90-AFb-223.txt
1,S26-VT-675.txt
1,S30-VT-231.txt
0,S43-SR-58.txt
1,S86-VT-840.txt
0,S28-SR-436.txt
0,S35-SR-723.txt
0,S53-SR-65.txt
0,S59-AFb-111.txt
0,S30-SR-140.txt
0,S37-SR-80.txt
1,S79-VT-158.txt
1,S04-VFt-94.txt
1,S06-VT-337.txt
1,S74-VT-194.txt
1,S06-VT-596.txt
0,S26-SR-470.txt
0,S05-SR-73.txt
0,S62-SR-58.txt
1,S86-VT-922.txt
0,S26-SR-464.txt
1,S20-VT-428.txt
0,S94-SR-104.txt
1,S95-VT-335.txt
1,S88-VT-220.txt
1,S35-VFb-259.txt
1,S46-VT-590.txt
1,S65-VT-384.txt
0,S46-SR-185.txt
0,S15-SR-600.txt
0,S79-VPD-19.txt
1,S35-VFb-317.txt
0,S28-SVT-275.txt
1,S79-VT-148.txt
1,S60-VT-361.txt
1,S80-VFb-148.txt
0,S17-SVT-103.txt
0,S34-SR-62.txt
0,S34-SR-189.txt
0,S89-SR-116.txt
0,S86-SR-1071.txt
1,S25-VT-306.txt
0,S17-SVT-220.txt
0,S24-SR-15.txt
1,S24-VT-182.txt
1,S58-VT-296.txt
1,S81-VT-507.txt
0,S20-SR-703.txt
0,S86-SR-986.txt
0,S28-SR-149.txt
1,S44-VFb-411.txt
0,S60-SR-85.txt
1,S07-VT-148.txt
0,S77-VPD-21.txt
0,S79-SR-658.txt
0,S91-SR-2.txt
0,S46-SR-440.txt
0,S69-SR-93.txt
0,S66-SR-17.txt
1,S24-VT-239.txt
0,S35-SR-687.txt
0,S65-SR-65.txt
0,S28-SVT-347.txt
0,S35-SR-165.txt
0,S24-SR-140.txt
0,S35-SR-653.txt
1,S15-VT-424.txt
0,S26-SR-309.txt
0,S69-SR-184.txt
0,S10-SR-101.txt
0,S56-SR-41.txt
0,S26-SR-667.txt
0,S20-SR-1020.txt
1,S35-VT-430.txt
0,S94-SR-105.txt
0,S94-SR-339.txt
0,S30-SR-59.txt
1,S85-VT-87.txt
0,S79-SR-608.txt
0,S74-SR-236.txt
1,S26-VT-779.txt
1,S26-VT-715.txt
1,S86-VT-456.txt
0,S26-SR-525.txt
1,S06-VT-209.txt
0,S50-SR-24.txt
0,S74-SR-205.txt
0,S43-SR-106.txt
0,S28-SR-148.txt
1,S15-VT-866.txt
0,S69-SR-97.txt
1,S79-VT-446.txt
0,S69-SR-76.txt
1,S50-VT-249.txt
0,S46-SR-111.txt
0,S23-SR-45.txt
0,S31-SR-82.txt
1,S35-VT-919.txt
1,S04-VFt-52.txt
0,S28-SR-481.txt
0,S44-SR-455.txt
1,S72-VT-133.txt
1,S08-VT-170.txt
0,S62-SR-57.txt
0,S90-VPD-63.txt
1,S62-VT-603.txt
0,S30-SR-25.txt
0,S69-SR-99.txt
0,S25-SR-89.txt
1,S50-VT-140.txt
1,S77-VT-214.txt
1,S71-VT-97.txt
1,S86-VT-501.txt
1,S86-VT-312.txt
0,S53-SR-66.txt
0,S37-SR-83.txt
0,S56-SVT-93.txt
1,S40-VT-11.txt
1,S57-VT-163.txt
0,S60-SR-63.txt
0,S91-AFt-248.txt
1,S44-VFb-336.txt
0,S64-SR-108.txt
0,S17-SVT-138.txt
1,S95-VT-306.txt
1,S58-VT-266.txt
1,S65-VT-214.txt
0,S08-SR-13.txt
0,S64-SR-31.txt
1,S65-VT-191.txt
1,S80-VFb-233.txt
0,S44-SR-68.txt
0,S49-SR-161.txt
1,S15-VT-481.txt
0,S58-SR-26.txt
1,S77-VT-270.txt
0,S86-SR-50.txt
1,S35-VT-436.txt
0,S58-SR-98.txt
0,S08-SR-42.txt
1,S86-VT-1092.txt
0,S28-SVT-332.txt
1,S26-VT-793.txt
0,S20-SR-7.txt
0,S94-SR-96.txt
1,S81-VT-348.txt
0,S46-SR-60.txt
1,S04-VFt-161.txt
0,S28-SR-449.txt
0,S79-SR-622.txt
0,S20-SR-516.txt
0,S46-SR-428.txt
1,S57-VT-182.txt
1,S15-VT-363.txt
1,S50-VT-153.txt
1,S62-VT-185.txt
1,S85-VT-105.txt
1,S08-VT-320.txt
0,S07-AFb-84.txt
1,S60-VT-685.txt
1,S20-VT-565.txt
0,S31-SR-148.txt
0,S35-SR-141.txt
0,S91-SR-39.txt
0,S86-SR-1090.txt
1,S81-VT-250.txt
0,S86-SR-1057.txt
1,S77-VT-183.txt
1,S49-VT-203.txt
1,S60-VT-631.txt
1,S26-VT-738.txt
1,S35-VT-871.txt
0,S17-SR-85.txt
0,S05-SR-87.txt
1,S65-VT-218.txt
1,S81-VT-569.txt
0,S53-SR-9.txt
1,S60-VT-212.txt
1,S44-VFb-392.txt
0,S88-SR-80.txt
0,S20-SR-205.txt
1,S85-VT-106.txt
1,S72-VT-208.txt
1,S86-VT-943.txt
1,S88-VT-287.txt
0,S62-SR-84.txt
1,S73-VT-103.txt
1,S71-VT-278.txt
0,S64-SR-186.txt
1,S60-VT-585.txt
1,S74-VT-325.txt
0,S23-SR-38.txt
0,S86-SR-1019.txt
1,S58-VT-275.txt
0,S24-SR-27.txt
1,S65-VT-372.txt
1,S79-VT-191.txt
0,S56-SVT-282.txt
0,S36-SR-28.txt
0,S43-AFb-100.txt
1,S35-VT-820.txt
1,S62-VT-513.txt
0,S91-SR-25.txt
0,S90-SR-315.txt
0,S90-VPD-64.txt
0,S58-SR-96.txt
0,S26-SR-364.txt
1,S79-VT-692.txt
0,S62-SR-302.txt
0,S88-SR-61.txt
0,S81-SR-645.txt
0,S56-SR-47.txt
0,S20-SR-844.txt
0,S91-AFt-256.txt
1,S60-VT-314.txt
1,S60-VT-668.txt
1,S25-VT-335.txt
0,S62-SR-277.txt
0,S79-SR-537.txt
0,S32-SR-109.txt
1,S95-VT-131.txt
0,S65-SR-72.txt
0,S46-SR-395.txt
1,S60-VT-130.txt
1,S08-VT-211.txt
0,S15-SR-165.txt
1,S86-VT-242.txt
0,S23-SR-123.txt
1,S73-VT-372.txt
1,S93-VT-157.txt
1,S30-VT-340.txt
1,S58-VT-356.txt
1,S63-VT-142.txt
1,S73-VT-238.txt
0,S10-SR-269.txt
0,S94-SR-304.txt
0,S45-VPD-70.txt
0,S90-VPD-85.txt
0,S56-SR-36.txt
0,S46-SR-441.txt
0,S28-SR-410.txt
1,S58-VT-370.txt
0,S44-SR-518.txt
1,S71-VT-127.txt
0,S94-SR-46.txt
0,S94-SR-3.txt
0,S58-SR-91.txt
1,S77-VT-201.txt
1,S57-VT-226.txt
0,S29-SR-88.txt
0,S26-SR-335.txt
0,S85-SR-38.txt
1,S30-VT-237.txt
0,S86-SR-92.txt
0,S07-AFb-130.txt
1,S81-VT-266.txt
1,S60-VT-582.txt
1,S62-VT-572.txt
1,S81-VT-702.txt
0,S20-SR-519.txt
1,S93-VT-261.txt
1,S86-VT-957.txt
1,S62-VT-477.txt
1,S53-VFb-162.txt
0,S94-SR-6.txt
1,S86-VT-768.txt
0,S26-SR-41.txt
0,S43-AFb-88.txt
0,S64-SR-52.txt
0,S72-SR-8.txt
1,S86-VT-598.txt
0,S35-SR-57.txt
1,S50-VT-174.txt
0,S58-SR-16.txt
1,S73-VT-277.txt
1,S32-VFb-157.txt
1,S50-VT-59.txt
1,S60-VT-472.txt
0,S35-SR-192.txt
0,S80-SR-82.txt
0,S25-SR-1.txt
1,S35-VT-878.txt
1,S93-VT-288.txt
1,S15-VT-352.txt
0,S77-VPD-67.txt
0,S34-SR-235.txt
1,S73-VT-310.txt
1,S46-VT-545.txt
1,S65-VT-122.txt
1,S65-VT-178.txt
0,S15-SR-73.txt
0,S80-SR-8.txt
0,S94-SR-177.txt
0,S62-SR-455.txt
0,S15-SR-569.txt
0,S32-SR-101.txt
0,S44-SR-468.txt
1,S04-VFt-100.txt
1,S86-VT-879.txt
1,S62-VT-376.txt
0,S13-SR-16.txt
1,S95-VT-118.txt
1,S25-VT-468.txt
1,S46-VT-513.txt
1,S64-VFb-231.txt
0,S86-SR-88.txt
0,S64-SR-91.txt
0,S64-SR-153.txt
0,S50-SR-2.txt
1,S79-VT-152.txt
0,S23-SR-39.txt
1,S44-VFb-303.txt
1,S15-VT-395.txt
1,S95-VT-98.txt
1,S57-VT-62.txt
0,S60-SR-32.txt
1,S71-VT-340.txt
0,S64-SR-168.txt
1,S93-VT-180.txt
1,S06-VT-182.txt
0,S10-SR-295.txt
1,S20-VT-273.txt
0,S65-SR-41.txt
0,S36-SR-51.txt
1,S26-VT-732.txt
0,S66-SR-4.txt
1,S35-VT-371.txt
0,S31-SR-5.txt
1,S90-VT-156.txt
0,S20-SR-499.txt
0,S85-SR-2.txt
0,S35-SR-783.txt
0,S64-SR-83.txt
1,S93-VT-304.txt
1,S62-VT-428.txt
0,S46-SR-453.txt
0,S35-SR-788.txt
0,S15-SR-11.txt
0,S60-SR-38.txt
0,S23-SR-77.txt
0,S94-SR-7.txt
0,S28-SR-239.txt
1,S15-VT-446.txt
1,S95-VT-302.txt
1,S29-VT-165.txt
1,S08-VT-246.txt
0,S28-SR-43.txt
0,S86-SR-53.txt
1,S73-VT-240.txt
1,S06-VT-454.txt
1,S79-VT-163.txt
0,S77-SR-308.txt
1,S06-VT-632.txt
0,S28-SR-91.txt
0,S15-SR-45.txt
1,S81-VT-604.txt
1,S79-VT-332.txt
0,S90-VPD-111.txt
0,S26-SR-327.txt
0,S15-SR-618.txt
0,S95-AFb-144.txt
0,S07-AFb-54.txt
1,S79-VT-722.txt
0,S72-SR-2.txt
1,S15-VT-345.txt
1,S60-VT-634.txt
0,S43-SR-108.txt
1,S79-VT-385.txt
1,S58-VT-355.txt
1,S86-VT-328.txt
1,S60-VT-629.txt
1,S20-VT-379.txt
1,S56-VT-584.txt
0,S31-SR-71.txt
0,S40-AFb-194.txt
1,S86-VT-275.txt
0,S20-SR-976.txt
1,S62-VT-480.txt
0,S72-SR-28.txt
1,S93-VT-200.txt
0,S15-SR-590.txt
0,S20-SR-523.txt
1,S81-VT-274.txt
0,S15-SR-537.txt
0,S20-SR-63.txt
1,S81-VT-217.txt
1,S79-VT-280.txt
1,S60-VT-120.txt
1,S30-VT-223.txt
1,S06-VT-355.txt
1,S73-VT-251.txt
1,S30-VT-155.txt
1,S71-VT-253.txt
0,S50-SR-33.txt
0,S45-VPD-68.txt
0,S20-SR-144.txt
1,S60-VT-143.txt
1,S26-VT-889.txt
0,S86-SR-972.txt
0,S17-SVT-202.txt
1,S15-VT-337.txt
1,S80-VFb-225.txt
1,S06-VT-312.txt
0,S64-SR-144.txt
0,S08-SR-97.txt
1,S81-VT-514.txt
1,S86-VT-590.txt
1,S81-VT-596.txt
1,S53-VFb-202.txt
1,S45-VFb-224.txt
0,S62-SR-292.txt
1,S06-VT-394.txt
0,S88-SR-3.txt
1,S65-VT-411.txt
0,S44-SR-163.txt
0,S08-SR-44.txt
1,S30-VT-343.txt
0,S62-SR-328.txt
1,S58-VT-378.txt
1,S79-VT-701.txt
0,S36-SR-83.txt
0,S74-SR-26.txt
1,S79-VT-291.txt
0,S20-SR-857.txt
0,S28-SR-75.txt
1,S79-VT-427.txt
1,S60-VT-717.txt
1,S71-VT-254.txt
0,S15-SR-759.txt
1,S04-VFt-79.txt
1,S35-VFb-281.txt
0,S77-SR-386.txt
1,S79-VT-757.txt
1,S81-VT-432.txt
0,S66-SR-47.txt
1,S50-VT-48.txt
0,S10-SR-406.txt
1,S62-VT-438.txt
0,S29-SR-63.txt
0,S91-AFt-280.txt
0,S10-SR-215.txt
0,S60-SR-33.txt
0,S44-SR-39.txt
1,S86-VT-675.txt
1,S43-VT-140.txt
1,S29-VT-392.txt
0,S53-SR-10.txt
0,S95-AFb-242.txt
0,S17-SVT-212.txt
1,S95-VT-104.txt
0,S46-SR-4.txt
0,S77-VPD-91.txt
0,S46-SR-142.txt
1,S88-VT-325.txt
1,S60-VT-149.txt
1,S29-VT-393.txt
1,S85-VT-115.txt
1,S60-VT-422.txt
1,S71-VT-123.txt
0,S79-VPD-61.txt
1,S25-VT-366.txt
0,S58-SR-82.txt
1,S88-VT-244.txt
1,S30-VT-191.txt
1,S57-VT-279.txt
1,S94-VFb-524.txt
0,S26-SR-254.txt
1,S86-VT-851.txt
1,S81-VT-549.txt
1,S77-VT-402.txt
1,S25-VT-467.txt
0,S73-SR-25.txt
0,S16-SR-28.txt
1,S85-VT-64.txt
0,S37-SVT-130.txt
0,S63-AFb-63.txt
0,S30-SR-184.txt
0,S86-SR-113.txt
0,S93-SR-53.txt
1,S65-VT-321.txt
1,S57-VT-143.txt
1,S29-VT-264.txt
1,S20-VT-643.txt
1,S86-VT-380.txt
0,S20-SR-929.txt
0,S81-VPD-74.txt
0,S20-SR-787.txt
1,S35-VFb-328.txt
1,S88-VT-214.txt
1,S81-VT-198.txt
1,S56-VT-576.txt
1,S56-VT-643.txt
0,S66-SR-100.txt
0,S91-AFt-122.txt
1,S65-VT-456.txt
1,S08-VT-128.txt
0,S60-SR-29.txt
0,S53-SR-92.txt
0,S26-SR-22.txt
0,S20-SR-781.txt
1,S86-VT-1119.txt
0,S10-SR-56.txt
0,S44-SR-144.txt
0,S69-SR-128.txt
1,S25-VT-218.txt
1,S40-VT-9.txt
1,S86-VT-513.txt
0,S79-SR-600.txt
1,S32-VFb-169.txt
1,S86-VT-244.txt
0,S44-SR-440.txt
0,S05-SR-46.txt
0,S45-VPD-128.txt
1,S60-VT-222.txt
1,S81-VT-397.txt
0,S80-SR-83.txt
0,S94-SR-322.txt
0,S07-AFb-63.txt
1,S81-VT-511.txt
0,S56-SVT-177.txt
1,S29-VT-193.txt
0,S37-SVT-239.txt
0,S30-SR-17.txt
0,S20-SR-127.txt
0,S65-SR-49.txt
0,S56-SVT-98.txt
0,S90-AFb-237.txt
0,S34-SR-173.txt
1,S88-VT-207.txt
1,S81-VT-605.txt
0,S90-VPD-59.txt
1,S46-VT-222.txt
1,S64-VFb-318.txt
0,S74-SR-23.txt
1,S04-VFt-19.txt
0,S29-SR-23.txt
0,S59-AFb-15.txt
0,S05-SR-57.txt
1,S81-VT-156.txt
1,S43-VT-120.txt
1,S58-VT-344.txt
1,S57-VT-169.txt
0,S77-SR-113.txt
0,S25-SR-162.txt
1,S29-VT-372.txt
1,S88-VT-181.txt
0,S24-SR-42.txt
1,S95-VT-88.txt
0,S56-SR-44.txt
0,S10-SR-419.txt
1,S25-VT-238.txt
1,S58-VT-178.txt
0,S73-SR-35.txt
1,S88-VT-309.txt
1,S62-VT-388.txt
0,S86-SR-979.txt
1,S29-VT-316.txt
1,S56-VT-649.txt
0,S28-SR-110.txt
1,S60-VT-622.txt
0,S66-SR-38.txt
1,S44-VFb-334.txt
0,S35-SR-10.txt
1,S25-VT-441.txt
0,S46-SR-386.txt
1,S06-VT-252.txt
0,S62-SR-334.txt
1,S20-VT-590.txt
0,S34-SR-226.txt
0,S81-VPD-53.txt
0,S10-SR-303.txt
1,S45-VFb-225.txt
0,S65-SR-91.txt
0,S29-SR-16.txt
0,S44-SR-77.txt
0,S10-SR-402.txt
0,S40-AFb-224.txt
1,S62-VT-591.txt
0,S15-SR-29.txt
0,S60-SR-78.txt
0,S56-SR-246.txt
0,S60-SR-46.txt
0,S66-SR-57.txt
0,S62-SR-463.txt
1,S60-VT-662.txt
1,S25-VT-399.txt
0,S74-SR-233.txt
1,S86-VT-783.txt
0,S90-VPD-12.txt
1,S29-VT-415.txt
1,S62-VT-437.txt
1,S35-VT-372.txt
0,S35-SR-229.txt
1,S65-VT-184.txt
0,S15-SR-496.txt
1,S20-VT-607.txt
0,S85-SR-13.txt
1,S43-VT-143.txt
1,S25-VT-519.txt
0,S46-SR-328.txt
0,S35-SR-84.txt
0,S94-SR-123.txt
0,S57-AFb-21.txt
1,S25-VT-432.txt
0,S35-SR-146.txt
1,S06-VT-335.txt
1,S56-VT-588.txt
0,S34-SR-104.txt
0,S77-VPD-18.txt
1,S77-VT-150.txt
1,S26-VT-718.txt
1,S08-VT-303.txt
1,S04-VFt-157.txt
1,S35-VFb-266.txt
0,S28-SR-454.txt
1,S90-VT-164.txt
1,S57-VT-72.txt
0,S56-SVT-70.txt
0,S46-SR-394.txt
0,S30-SR-68.txt
1,S20-VT-344.txt
0,S20-SR-852.txt
0,S46-SR-9.txt
1,S29-VT-311.txt
0,S93-SR-32.txt
1,S23-VT-217.txt
1,S60-VT-496.txt
1,S60-VT-664.txt
1,S65-VT-246.txt
0,S60-SR-97.txt
0,S35-SR-231.txt
0,S28-SR-456.txt
1,S49-VT-244.txt
1,S72-VT-132.txt
0,S44-SR-20.txt
0,S64-SR-79.txt
0,S37-SVT-165.txt
1,S62-VT-363.txt
1,S81-VT-555.txt
0,S81-SR-682.txt
0,S31-SR-40.txt
0,S26-SR-441.txt
0,S49-SR-106.txt
1,S20-VT-1093.txt
1,S49-VT-267.txt
1,S72-VT-258.txt
1,S30-VT-285.txt
1,S77-VT-223.txt
1,S72-VT-158.txt
1,S65-VT-314.txt
0,S28-SR-431.txt
0,S53-SR-130.txt
0,S86-SR-6.txt
0,S06-AFt-74.txt
0,S20-SR-546.txt
1,S81-VT-354.txt
0,S59-AFb-64.txt
0,S80-SR-125.txt
1,S25-VT-351.txt
0,S37-SVT-137.txt
0,S88-SR-104.txt
0,S44-SR-364.txt
0,S06-AFt-75.txt
1,S86-VT-554.txt
1,S06-VT-585.txt
0,S77-VPD-69.txt
1,S64-VFb-256.txt
1,S64-VFb-389.txt
0,S95-AFb-263.txt
0,S56-SR-229.txt
1,S63-VT-156.txt
1,S35-VT-905.txt
1,S62-VT-425.txt
0,S20-SR-671.txt
0,S35-SR-121.txt
0,S73-SR-39.txt
0,S94-SR-290.txt
0,S35-SR-784.txt
1,S20-VT-586.txt
0,S37-SVT-201.txt
0,S69-SR-74.txt
1,S57-VT-271.txt
0,S20-SR-107.txt
0,S94-SR-441.txt
1,S57-VT-210.txt
0,S66-SR-28.txt
0,S07-AFb-90.txt
0,S37-SVT-144.txt
0,S07-AFb-102.txt
0,S17-SVT-156.txt
1,S79-VT-689.txt
1,S40-VFb-167.txt
0,S20-SR-935.txt
0,S95-AFb-253.txt
0,S26-SR-633.txt
0,S69-SR-85.txt
0,S43-AFb-93.txt
1,S86-VT-831.txt
1,S24-VT-212.txt
0,S25-SR-69.txt
0,S08-SR-84.txt
0,S35-SR-170.txt
0,S56-SR-250.txt
1,S06-VT-556.txt
1,S62-VT-384.txt
0,S15-SR-81.txt
0,S15-SR-775.txt
0,S69-SR-171.txt
1,S08-VT-327.txt
1,S04-VFt-69.txt
0,S77-SR-314.txt
1,S73-VT-341.txt
1,S60-VT-748.txt
1,S79-VT-396.txt
1,S58-VT-166.txt
0,S25-SR-30.txt
1,S81-VT-371.txt
1,S94-VFb-508.txt
1,S93-VT-204.txt
0,S62-SR-41.txt
1,S79-VT-171.txt
0,S26-SR-434.txt
1,S57-VT-277.txt
0,S05-SR-98.txt
0,S85-SR-16.txt
0,S31-SR-119.txt
1,S95-VT-87.txt
0,S31-SR-16.txt
0,S28-SR-221.txt
1,S65-VT-123.txt
0,S26-SR-408.txt
1,S72-VT-338.txt
1,S50-VT-76.txt
0,S10-SR-1.txt
1,S86-VT-661.txt
0,S07-SR-293.txt
0,S28-SR-116.txt
1,S93-VT-302.txt
1,S85-VT-117.txt
1,S29-VT-419.txt
1,S79-VT-399.txt
1,S04-VFt-129.txt
1,S60-VT-546.txt
0,S26-SR-401.txt
0,S81-VPD-70.txt
1,S25-VT-442.txt
1,S74-VT-335.txt
0,S79-VPD-103.txt
1,S06-VT-445.txt
0,S26-SR-389.txt
1,S79-VT-416.txt
0,S23-SR-26.txt
1,S35-VT-351.txt
1,S79-VT-222.txt
1,S86-VT-849.txt
0,S94-SR-186.txt
1,S06-VT-626.txt
0,S86-SR-40.txt
0,S94-SR-329.txt
0,S94-SR-117.txt
1,S46-VT-599.txt
1,S25-VT-291.txt
0,S53-SR-5.txt
1,S40-VT-78.txt
1,S08-VT-114.txt
1,S65-VT-120.txt
1,S86-VT-170.txt
1,S95-VT-81.txt
0,S20-SR-42.txt
1,S71-VT-281.txt
1,S35-VT-803.txt
1,S60-VT-216.txt
0,S81-SR-676.txt
1,S15-VT-373.txt
0,S44-SR-370.txt
0,S04-SR-182.txt
0,S86-SR-114.txt
0,S73-SR-8.txt
1,S46-VT-562.txt
0,S71-SR-242.txt
0,S89-SR-109.txt
1,S64-VFb-348.txt
0,S79-VPD-94.txt
0,S08-SR-32.txt
1,S88-VT-216.txt
1,S20-VT-433.txt
0,S53-SR-109.txt
1,S45-VFb-239.txt
1,S46-VT-585.txt
0,S26-SR-344.txt
1,S15-VT-723.txt
0,S59-AFb-82.txt
1,S86-VT-507.txt
0,S31-SR-146.txt
1,S60-VT-399.txt
0,S86-SR-41.txt
1,S46-VT-232.txt
0,S90-SR-305.txt
0,S24-SR-112.txt
1,S30-VT-198.txt
1,S56-VT-453.txt
1,S20-VT-1100.txt
1,S63-VT-164.txt
1,S60-VT-231.txt
1,S65-VT-365.txt
0,S50-SR-38.txt
0,S95-AFb-66.txt
0,S36-SVT-180.txt
0,S35-SR-33.txt
1,S20-VT-384.txt
0,S40-AFb-204.txt
0,S31-SR-87.txt
1,S65-VT-444.txt
1,S72-VT-149.txt
1,S08-VT-203.txt
0,S15-SR-276.txt
0,S77-VPD-29.txt
0,S56-SR-12.txt
0,S04-SR-214.txt
0,S35-SR-185.txt
0,S64-SR-84.txt
0,S20-SR-941.txt
1,S04-VFt-62.txt
0,S07-SR-259.txt
1,S50-VT-269.txt
1,S95-VT-120.txt
0,S80-SR-5.txt
0,S91-SR-4.txt
1,S73-VT-148.txt
0,S62-SR-104.txt
1,S06-VT-443.txt
1,S93-VT-239.txt
1,S72-VT-161.txt
1,S79-VT-463.txt
1,S64-VFb-397.txt
0,S88-SR-103.txt
0,S05-SR-119.txt
1,S08-VT-359.txt
1,S15-VT-411.txt
0,S32-SR-132.txt
1,S49-VT-238.txt
0,S89-SR-11.txt
1,S30-VT-302.txt
1,S40-VT-23.txt
0,S85-SR-27.txt
1,S53-VFb-160.txt
1,S58-VT-346.txt
0,S25-SR-64.txt
0,S34-SR-200.txt
1,S74-VT-179.txt
0,S28-SR-100.txt
1,S20-VT-577.txt
1,S08-VT-220.txt
0,S23-SR-125.txt
0,S31-SR-39.txt
1,S25-VT-322.txt
1,S35-VT-384.txt
0,S95-AFb-220.txt
0,S80-SR-74.txt
1,S46-VT-588.txt
1,S06-VT-390.txt
1,S86-VT-766.txt
1,S60-VT-360.txt
1,S93-VT-272.txt
0,S69-SR-43.txt
1,S86-VT-472.txt
0,S26-SR-130.txt
0,S45-VPD-5.txt
0,S35-SR-633.txt
0,S94-SR-247.txt
1,S62-VT-250.txt
0,S86-SR-1052.txt
0,S10-SVT-183.txt
0,S10-SVT-189.txt
0,S88-SR-63.txt
0,S90-SR-318.txt
0,S90-SR-322.txt
0,S20-SR-547.txt
1,S71-VT-275.txt
0,S28-SR-67.txt
1,S53-VFb-140.txt
0,S07-AFb-33.txt
0,S05-SR-123.txt
1,S50-VT-107.txt
1,S80-VT-22.txt
0,S37-SVT-176.txt
1,S86-VT-301.txt
0,S79-SR-639.txt
0,S40-AFb-195.txt
0,S10-SR-434.txt
0,S05-SR-118.txt
0,S26-SR-341.txt
1,S93-VT-229.txt
0,S81-VPD-58.txt
0,S44-SR-188.txt
1,S81-VT-464.txt
1,S65-VT-471.txt
0,S15-SR-839.txt
1,S29-VT-280.txt
1,S73-VT-412.txt
0,S20-SR-909.txt
1,S62-VT-235.txt
0,S10-SR-18.txt
1,S80-VFb-171.txt
0,S20-SR-993.txt
1,S06-VT-557.txt
1,S77-VT-194.txt
1,S26-VT-827.txt
1,S07-VT-216.txt
0,S56-SVT-343.txt
1,S35-VT-856.txt
1,S60-VT-724.txt
0,S15-SR-793.txt
0,S79-SR-577.txt
0,S15-SR-153.txt
1,S30-VT-300.txt
0,S35-SR-564.txt
0,S30-SR-23.txt
0,S10-SR-439.txt
1,S15-VT-377.txt
1,S86-VT-560.txt
1,S60-VT-434.txt
0,S44-SR-120.txt
1,S90-VT-183.txt
0,S90-VPD-116.txt
1,S73-VT-395.txt
0,S15-SR-506.txt
0,S20-SR-771.txt
1,S60-VT-392.txt
0,S37-SVT-117.txt
1,S35-VT-381.txt
0,S10-SR-296.txt
1,S62-VT-211.txt
1,S86-VT-349.txt
1,S86-VT-1096.txt
0,S15-SR-804.txt
1,S95-VT-282.txt
1,S08-VT-252.txt
1,S30-VT-301.txt
0,S88-SR-49.txt
0,S49-SR-118.txt
1,S35-VT-879.txt
0,S85-SR-9.txt
0,S32-SR-71.txt
0,S10-SR-385.txt
0,S35-SR-187.txt
0,S53-SR-127.txt
1,S06-VT-348.txt
0,S10-SR-70.txt
1,S46-VT-325.txt
0,S26-SR-109.txt
1,S44-VFb-414.txt
0,S93-SR-46.txt
1,S46-VT-564.txt
0,S15-SR-830.txt
0,S91-AFt-288.txt
1,S60-VT-429.txt
1,S74-VT-317.txt
0,S20-SR-968.txt
1,S86-VT-419.txt
0,S10-SR-364.txt
1,S30-VT-238.txt
1,S26-VT-714.txt
0,S69-SR-49.txt
1,S06-VT-604.txt
0,S28-SR-213.txt
1,S20-VT-427.txt
1,S08-VT-162.txt
0,S26-SR-31.txt
0,S04-SR-242.txt
0,S10-SR-325.txt
1,S25-VT-492.txt
0,S20-SR-68.txt
0,S36-SR-84.txt
1,S80-VFb-249.txt
0,S34-SR-51.txt
0,S20-SR-923.txt
1,S20-VT-603.txt
1,S81-VT-277.txt
0,S94-SR-106.txt
1,S15-VT-451.txt
1,S60-VT-200.txt
0,S64-SR-51.txt
0,S06-AFt-63.txt
1,S72-VT-104.txt
0,S15-SR-171.txt
1,S26-VT-768.txt
1,S81-VT-618.txt
0,S94-SR-274.txt
1,S71-VT-347.txt
1,S50-VT-241.txt
0,S89-SR-58.txt
0,S66-SR-6.txt
1,S86-VT-825.txt
1,S30-VT-228.txt
1,S79-VT-676.txt
1,S65-VT-203.txt
1,S15-VT-210.txt
1,S73-VT-379.txt
1,S45-VFb-273.txt
0,S91-SR-36.txt
1,S58-VT-340.txt
1,S73-VT-162.txt
1,S72-VT-284.txt
1,S20-VT-568.txt
0,S17-SR-21.txt
1,S73-VT-288.txt
1,S58-VT-222.txt
0,S26-SR-20.txt
0,S04-SR-215.txt
0,S45-VPD-113.txt
1,S80-VT-24.txt
0,S15-SR-51.txt
1,S20-VT-371.txt
1,S53-VFb-145.txt
1,S45-VFb-215.txt
1,S65-VT-443.txt
1,S49-VT-206.txt
1,S15-VT-420.txt
0,S15-SR-850.txt
0,S37-SVT-187.txt
1,S71-VT-348.txt
0,S62-SR-77.txt
1,S57-VT-167.txt
1,S15-VT-364.txt
1,S74-VT-328.txt
1,S20-VT-307.txt
0,S05-SR-147.txt
0,S94-SR-420.txt
1,S86-VT-364.txt
0,S28-SR-496.txt
1,S58-VT-265.txt
1,S86-VT-271.txt
0,S77-SR-364.txt
1,S60-VT-646.txt
1,S40-VFb-177.txt
0,S24-SR-91.txt
0,S79-VPD-75.txt
0,S25-SR-8.txt
0,S26-SR-602.txt
0,S93-SR-102.txt
1,S71-VT-332.txt
0,S69-SR-68.txt
1,S63-VT-159.txt
1,S29-VT-303.txt
0,S88-SR-67.txt
1,S50-VT-71.txt
0,S36-SR-40.txt
0,S10-SR-20.txt
1,S15-VT-227.txt
0,S46-SR-100.txt
1,S58-VT-261.txt
1,S58-VT-335.txt
1,S86-VT-793.txt
1,S77-VT-244.txt
1,S04-VFt-30.txt
1,S35-VT-484.txt
0,S35-SR-696.txt
1,S25-VT-371.txt
1,S60-VT-406.txt
0,S59-AFb-96.txt
1,S73-VT-259.txt
1,S06-VT-235.txt
1,S57-VT-141.txt
1,S63-VT-139.txt
1,S80-VFb-177.txt
1,S79-VT-748.txt
1,S62-VT-392.txt
1,S06-VT-542.txt
1,S53-VFb-235.txt
0,S05-SR-173.txt
1,S60-VT-522.txt
1,S77-VT-211.txt
0,S15-SR-300.txt
1,S62-VT-164.txt
1,S88-VT-280.txt
1,S30-VT-260.txt
1,S15-VT-423.txt
0,S34-SR-176.txt
1,S77-VT-202.txt
0,S90-AFb-281.txt
0,S46-SR-339.txt
0,S37-SR-2.txt
0,S86-SR-1023.txt
0,S24-SR-70.txt
0,S77-VPD-42.txt
1,S06-VT-169.txt
1,S58-VT-393.txt
1,S86-VT-895.txt
0,S60-SR-84.txt
1,S08-VT-317.txt
1,S44-VFb-341.txt
0,S31-SR-112.txt
0,S66-SR-1.txt
0,S26-SR-511.txt
1,S77-VT-259.txt
0,S06-AFt-31.txt
0,S46-SR-390.txt
1,S06-VT-475.txt
0,S20-SR-1015.txt
1,S62-VT-433.txt
0,S07-SR-256.txt
1,S40-VFb-160.txt
1,S06-VT-200.txt
0,S37-SVT-212.txt
1,S06-VT-341.txt
1,S86-VT-811.txt
0,S56-SVT-301.txt
0,S15-SR-104.txt
1,S73-VT-129.txt
1,S63-VT-174.txt
0,S36-SR-10.txt
0,S94-SR-478.txt
0,S26-SR-403.txt
1,S77-VT-236.txt
0,S28-SR-101.txt
0,S46-SR-33.txt
0,S23-SR-120.txt
0,S24-SR-55.txt
0,S72-SR-64.txt
1,S94-VFb-521.txt
0,S24-SR-134.txt
1,S50-VT-161.txt
0,S08-SR-20.txt
0,S15-SR-591.txt
0,S46-SR-341.txt
0,S80-SR-90.txt
0,S15-SR-124.txt
1,S43-VT-147.txt
0,S80-SR-9.txt
0,S95-AFb-264.txt
1,S81-VT-199.txt
0,S20-SR-770.txt
0,S91-SR-34.txt
1,S64-VFb-357.txt
0,S44-SR-365.txt
0,S10-SR-21.txt
0,S10-SR-43.txt
0,S34-SR-210.txt
1,S62-VT-390.txt
1,S20-VT-382.txt
1,S15-VT-183.txt
0,S81-VPD-87.txt
1,S57-VT-42.txt
1,S25-VT-403.txt
0,S46-SR-51.txt
1,S20-VT-444.txt
1,S62-VT-356.txt
0,S16-SR-5.txt
1,S35-VT-405.txt
1,S85-VT-130.txt
1,S57-VT-133.txt
